run_id,segment_name,category,seconds,online
counterpoint_symbolic_n3_wide_20_108_span18_v001-p001_over_018-schema0-schema0_no_contraction-trainrep0,tower_reset,algorithm_online,9.651862084050663,True
counterpoint_symbolic_n3_wide_20_108_span18_v001-p001_over_018-schema0-schema0_no_contraction-trainrep0,environment_reset,algorithm_online,0.16782554204110056,True
counterpoint_symbolic_n3_wide_20_108_span18_v001-p001_over_018-schema0-schema0_no_contraction-trainrep0,controller_decision,algorithm_online,2.5000073947012424e-05,True
counterpoint_symbolic_n3_wide_20_108_span18_v001-p001_over_018-schema0-schema0_no_contraction-trainrep0,learner_act,algorithm_online,2.562499139457941e-05,True
counterpoint_symbolic_n3_wide_20_108_span18_v001-p001_over_018-schema0-schema0_no_contraction-trainrep0,environment_step,algorithm_online,3.162503708153963e-05,True
counterpoint_symbolic_n3_wide_20_108_span18_v001-p001_over_018-schema0-schema0_no_contraction-trainrep0,lift_resolve,algorithm_online,0.0005862079560756683,True
counterpoint_symbolic_n3_wide_20_108_span18_v001-p001_over_018-schema0-schema0_no_contraction-trainrep0,controller_decision,algorithm_online,2.5541987270116806e-05,True
counterpoint_symbolic_n3_wide_20_108_span18_v001-p001_over_018-schema0-schema0_no_contraction-trainrep0,learner_act,algorithm_online,1.8915976397693157e-05,True
counterpoint_symbolic_n3_wide_20_108_span18_v001-p001_over_018-schema0-schema0_no_contraction-trainrep0,environment_step,algorithm_online,4.0624989196658134e-05,True
counterpoint_symbolic_n3_wide_20_108_span18_v001-p001_over_018-schema0-schema0_no_contraction-trainrep0,lift_resolve,algorithm_online,0.0006455420516431332,True
counterpoint_symbolic_n3_wide_20_108_span18_v001-p001_over_018-schema0-schema0_no_contraction-trainrep0,controller_decision,algorithm_online,1.725007314234972e-05,True
counterpoint_symbolic_n3_wide_20_108_span18_v001-p001_over_018-schema0-schema0_no_contraction-trainrep0,learner_act,algorithm_online,1.49579718708992e-05,True
counterpoint_symbolic_n3_wide_20_108_span18_v001-p001_over_018-schema0-schema0_no_contraction-trainrep0,environment_step,algorithm_online,2.6540947146713734e-05,True
counterpoint_symbolic_n3_wide_20_108_span18_v001-p001_over_018-schema0-schema0_no_contraction-trainrep0,lift_resolve,algorithm_online,0.0005505839362740517,True
counterpoint_symbolic_n3_wide_20_108_span18_v001-p001_over_018-schema0-schema0_no_contraction-trainrep0,controller_decision,algorithm_online,2.4499953724443913e-05,True
counterpoint_symbolic_n3_wide_20_108_span18_v001-p001_over_018-schema0-schema0_no_contraction-trainrep0,learner_act,algorithm_online,1.695798709988594e-05,True
counterpoint_symbolic_n3_wide_20_108_span18_v001-p001_over_018-schema0-schema0_no_contraction-trainrep0,environment_step,algorithm_online,2.704095095396042e-05,True
counterpoint_symbolic_n3_wide_20_108_span18_v001-p001_over_018-schema0-schema0_no_contraction-trainrep0,lift_resolve,algorithm_online,0.0006290840683504939,True
counterpoint_symbolic_n3_wide_20_108_span18_v001-p001_over_018-schema0-schema0_no_contraction-trainrep0,controller_decision,algorithm_online,1.6124919056892395e-05,True
counterpoint_symbolic_n3_wide_20_108_span18_v001-p001_over_018-schema0-schema0_no_contraction-trainrep0,learner_update,algorithm_online,1.1458992958068848e-05,True
counterpoint_symbolic_n3_wide_20_108_span18_v001-p001_over_018-schema0-schema0_no_contraction-trainrep0,controller_decision,algorithm_online,1.5332945622503757e-05,True
counterpoint_symbolic_n3_wide_20_108_span18_v001-p001_over_018-schema0-schema0_no_contraction-trainrep0,learner_act,algorithm_online,1.6584061086177826e-05,True
counterpoint_symbolic_n3_wide_20_108_span18_v001-p001_over_018-schema0-schema0_no_contraction-trainrep0,environment_step,algorithm_online,2.720800694078207e-05,True
counterpoint_symbolic_n3_wide_20_108_span18_v001-p001_over_018-schema0-schema0_no_contraction-trainrep0,lift_resolve,algorithm_online,0.0005754169542342424,True
counterpoint_symbolic_n3_wide_20_108_span18_v001-p001_over_018-schema0-schema0_no_contraction-trainrep0,controller_decision,algorithm_online,2.3499946109950542e-05,True
counterpoint_symbolic_n3_wide_20_108_span18_v001-p001_over_018-schema0-schema0_no_contraction-trainrep0,learner_act,algorithm_online,1.1792057193815708e-05,True
counterpoint_symbolic_n3_wide_20_108_span18_v001-p001_over_018-schema0-schema0_no_contraction-trainrep0,environment_step,algorithm_online,2.26249685510993e-05,True
counterpoint_symbolic_n3_wide_20_108_span18_v001-p001_over_018-schema0-schema0_no_contraction-trainrep0,lift_resolve,algorithm_online,0.0005622080061584711,True
counterpoint_symbolic_n3_wide_20_108_span18_v001-p001_over_018-schema0-schema0_no_contraction-trainrep0,controller_decision,algorithm_online,1.291697844862938e-05,True
counterpoint_symbolic_n3_wide_20_108_span18_v001-p001_over_018-schema0-schema0_no_contraction-trainrep0,learner_act,algorithm_online,1.0083895176649094e-05,True
counterpoint_symbolic_n3_wide_20_108_span18_v001-p001_over_018-schema0-schema0_no_contraction-trainrep0,environment_step,algorithm_online,2.174999099224806e-05,True
counterpoint_symbolic_n3_wide_20_108_span18_v001-p001_over_018-schema0-schema0_no_contraction-trainrep0,lift_resolve,algorithm_online,0.0005404589464887977,True
counterpoint_symbolic_n3_wide_20_108_span18_v001-p001_over_018-schema0-schema0_no_contraction-trainrep0,controller_decision,algorithm_online,2.1332991309463978e-05,True
counterpoint_symbolic_n3_wide_20_108_span18_v001-p001_over_018-schema0-schema0_no_contraction-trainrep0,learner_update,algorithm_online,9.124982170760632e-06,True
counterpoint_symbolic_n3_wide_20_108_span18_v001-p001_over_018-schema0-schema0_no_contraction-trainrep0,controller_decision,algorithm_online,2.095801755785942e-05,True
counterpoint_symbolic_n3_wide_20_108_span18_v001-p001_over_018-schema0-schema0_no_contraction-trainrep0,learner_act,algorithm_online,9.750016033649445e-06,True
counterpoint_symbolic_n3_wide_20_108_span18_v001-p001_over_018-schema0-schema0_no_contraction-trainrep0,environment_step,algorithm_online,2.462498378008604e-05,True
counterpoint_symbolic_n3_wide_20_108_span18_v001-p001_over_018-schema0-schema0_no_contraction-trainrep0,lift_resolve,algorithm_online,0.0005597919225692749,True
counterpoint_symbolic_n3_wide_20_108_span18_v001-p001_over_018-schema0-schema0_no_contraction-trainrep0,environment_reset,algorithm_online,0.16518279095180333,True
counterpoint_symbolic_n3_wide_20_108_span18_v001-p001_over_018-schema0-schema0_no_contraction-trainrep0,controller_decision,algorithm_online,2.3833010345697403e-05,True
counterpoint_symbolic_n3_wide_20_108_span18_v001-p001_over_018-schema0-schema0_no_contraction-trainrep0,learner_act,algorithm_online,1.5542027540504932e-05,True
counterpoint_symbolic_n3_wide_20_108_span18_v001-p001_over_018-schema0-schema0_no_contraction-trainrep0,environment_step,algorithm_online,4.3665990233421326e-05,True
counterpoint_symbolic_n3_wide_20_108_span18_v001-p001_over_018-schema0-schema0_no_contraction-trainrep0,lift_resolve,algorithm_online,0.0005787080153822899,True
counterpoint_symbolic_n3_wide_20_108_span18_v001-p001_over_018-schema0-schema0_no_contraction-trainrep0,controller_decision,algorithm_online,3.3125048503279686e-05,True
counterpoint_symbolic_n3_wide_20_108_span18_v001-p001_over_018-schema0-schema0_no_contraction-trainrep0,learner_act,algorithm_online,1.5958095900714397e-05,True
counterpoint_symbolic_n3_wide_20_108_span18_v001-p001_over_018-schema0-schema0_no_contraction-trainrep0,environment_step,algorithm_online,2.875004429370165e-05,True
counterpoint_symbolic_n3_wide_20_108_span18_v001-p001_over_018-schema0-schema0_no_contraction-trainrep0,lift_resolve,algorithm_online,0.0005891660694032907,True
counterpoint_symbolic_n3_wide_20_108_span18_v001-p001_over_018-schema0-schema0_no_contraction-trainrep0,controller_decision,algorithm_online,2.6041059754788876e-05,True
counterpoint_symbolic_n3_wide_20_108_span18_v001-p001_over_018-schema0-schema0_no_contraction-trainrep0,learner_act,algorithm_online,1.53339933604002e-05,True
counterpoint_symbolic_n3_wide_20_108_span18_v001-p001_over_018-schema0-schema0_no_contraction-trainrep0,environment_step,algorithm_online,2.62079993262887e-05,True
counterpoint_symbolic_n3_wide_20_108_span18_v001-p001_over_018-schema0-schema0_no_contraction-trainrep0,lift_resolve,algorithm_online,0.0005907909944653511,True
counterpoint_symbolic_n3_wide_20_108_span18_v001-p001_over_018-schema0-schema0_no_contraction-trainrep0,controller_decision,algorithm_online,1.6542035154998302e-05,True
counterpoint_symbolic_n3_wide_20_108_span18_v001-p001_over_018-schema0-schema0_no_contraction-trainrep0,learner_act,algorithm_online,1.2708944268524647e-05,True
counterpoint_symbolic_n3_wide_20_108_span18_v001-p001_over_018-schema0-schema0_no_contraction-trainrep0,environment_step,algorithm_online,2.5957939215004444e-05,True
counterpoint_symbolic_n3_wide_20_108_span18_v001-p001_over_018-schema0-schema0_no_contraction-trainrep0,lift_resolve,algorithm_online,0.0005457920487970114,True
counterpoint_symbolic_n3_wide_20_108_span18_v001-p001_over_018-schema0-schema0_no_contraction-trainrep0,controller_decision,algorithm_online,2.437504008412361e-05,True
counterpoint_symbolic_n3_wide_20_108_span18_v001-p001_over_018-schema0-schema0_no_contraction-trainrep0,learner_update,algorithm_online,1.3459008187055588e-05,True
counterpoint_symbolic_n3_wide_20_108_span18_v001-p001_over_018-schema0-schema0_no_contraction-trainrep0,controller_decision,algorithm_online,2.1875021047890186e-05,True
counterpoint_symbolic_n3_wide_20_108_span18_v001-p001_over_018-schema0-schema0_no_contraction-trainrep0,learner_act,algorithm_online,1.0166899301111698e-05,True
counterpoint_symbolic_n3_wide_20_108_span18_v001-p001_over_018-schema0-schema0_no_contraction-trainrep0,environment_step,algorithm_online,2.6540947146713734e-05,True
counterpoint_symbolic_n3_wide_20_108_span18_v001-p001_over_018-schema0-schema0_no_contraction-trainrep0,lift_resolve,algorithm_online,0.0005552909569814801,True
counterpoint_symbolic_n3_wide_20_108_span18_v001-p001_over_018-schema0-schema0_no_contraction-trainrep0,controller_decision,algorithm_online,2.1542073227465153e-05,True
counterpoint_symbolic_n3_wide_20_108_span18_v001-p001_over_018-schema0-schema0_no_contraction-trainrep0,learner_act,algorithm_online,1.3417098671197891e-05,True
counterpoint_symbolic_n3_wide_20_108_span18_v001-p001_over_018-schema0-schema0_no_contraction-trainrep0,environment_step,algorithm_online,2.6791938580572605e-05,True
counterpoint_symbolic_n3_wide_20_108_span18_v001-p001_over_018-schema0-schema0_no_contraction-trainrep0,lift_resolve,algorithm_online,0.000691334018483758,True
counterpoint_symbolic_n3_wide_20_108_span18_v001-p001_over_018-schema0-schema0_no_contraction-trainrep0,controller_decision,algorithm_online,2.2834050469100475e-05,True
counterpoint_symbolic_n3_wide_20_108_span18_v001-p001_over_018-schema0-schema0_no_contraction-trainrep0,learner_act,algorithm_online,9.66701190918684e-06,True
counterpoint_symbolic_n3_wide_20_108_span18_v001-p001_over_018-schema0-schema0_no_contraction-trainrep0,environment_step,algorithm_online,2.3125088773667812e-05,True
counterpoint_symbolic_n3_wide_20_108_span18_v001-p001_over_018-schema0-schema0_no_contraction-trainrep0,lift_resolve,algorithm_online,0.0005462500266730785,True
counterpoint_symbolic_n3_wide_20_108_span18_v001-p001_over_018-schema0-schema0_no_contraction-trainrep0,controller_decision,algorithm_online,2.1458021365106106e-05,True
counterpoint_symbolic_n3_wide_20_108_span18_v001-p001_over_018-schema0-schema0_no_contraction-trainrep0,learner_update,algorithm_online,1.1040945537388325e-05,True
counterpoint_symbolic_n3_wide_20_108_span18_v001-p001_over_018-schema0-schema0_no_contraction-trainrep0,controller_decision,algorithm_online,2.104195300489664e-05,True
counterpoint_symbolic_n3_wide_20_108_span18_v001-p001_over_018-schema0-schema0_no_contraction-trainrep0,learner_act,algorithm_online,7.1249669417738914e-06,True
counterpoint_symbolic_n3_wide_20_108_span18_v001-p001_over_018-schema0-schema0_no_contraction-trainrep0,environment_step,algorithm_online,2.2000051103532314e-05,True
counterpoint_symbolic_n3_wide_20_108_span18_v001-p001_over_018-schema0-schema0_no_contraction-trainrep0,lift_resolve,algorithm_online,0.0005326250102370977,True
counterpoint_symbolic_n3_wide_20_108_span18_v001-p001_over_018-schema0-schema0_no_contraction-trainrep0,environment_reset,algorithm_online,0.16660204192157835,True
counterpoint_symbolic_n3_wide_20_108_span18_v001-p001_over_018-schema0-schema0_no_contraction-trainrep0,controller_decision,algorithm_online,2.1832995116710663e-05,True
counterpoint_symbolic_n3_wide_20_108_span18_v001-p001_over_018-schema0-schema0_no_contraction-trainrep0,learner_act,algorithm_online,1.6459031030535698e-05,True
counterpoint_symbolic_n3_wide_20_108_span18_v001-p001_over_018-schema0-schema0_no_contraction-trainrep0,environment_step,algorithm_online,2.9792077839374542e-05,True
counterpoint_symbolic_n3_wide_20_108_span18_v001-p001_over_018-schema0-schema0_no_contraction-trainrep0,lift_resolve,algorithm_online,0.0005629999795928597,True
counterpoint_symbolic_n3_wide_20_108_span18_v001-p001_over_018-schema0-schema0_no_contraction-trainrep0,controller_decision,algorithm_online,1.7042038962244987e-05,True
counterpoint_symbolic_n3_wide_20_108_span18_v001-p001_over_018-schema0-schema0_no_contraction-trainrep0,learner_act,algorithm_online,8.208910003304482e-06,True
counterpoint_symbolic_n3_wide_20_108_span18_v001-p001_over_018-schema0-schema0_no_contraction-trainrep0,environment_step,algorithm_online,2.254103310406208e-05,True
counterpoint_symbolic_n3_wide_20_108_span18_v001-p001_over_018-schema0-schema0_no_contraction-trainrep0,lift_resolve,algorithm_online,0.0005388749996200204,True
counterpoint_symbolic_n3_wide_20_108_span18_v001-p001_over_018-schema0-schema0_no_contraction-trainrep0,controller_decision,algorithm_online,1.7125043086707592e-05,True
counterpoint_symbolic_n3_wide_20_108_span18_v001-p001_over_018-schema0-schema0_no_contraction-trainrep0,learner_act,algorithm_online,3.316602669656277e-05,True
counterpoint_symbolic_n3_wide_20_108_span18_v001-p001_over_018-schema0-schema0_no_contraction-trainrep0,environment_step,algorithm_online,2.9084039852023125e-05,True
counterpoint_symbolic_n3_wide_20_108_span18_v001-p001_over_018-schema0-schema0_no_contraction-trainrep0,lift_resolve,algorithm_online,0.000584208988584578,True
counterpoint_symbolic_n3_wide_20_108_span18_v001-p001_over_018-schema0-schema0_no_contraction-trainrep0,controller_decision,algorithm_online,2.7291011065244675e-05,True
counterpoint_symbolic_n3_wide_20_108_span18_v001-p001_over_018-schema0-schema0_no_contraction-trainrep0,learner_act,algorithm_online,1.6249949112534523e-05,True
counterpoint_symbolic_n3_wide_20_108_span18_v001-p001_over_018-schema0-schema0_no_contraction-trainrep0,environment_step,algorithm_online,2.8292066417634487e-05,True
counterpoint_symbolic_n3_wide_20_108_span18_v001-p001_over_018-schema0-schema0_no_contraction-trainrep0,lift_resolve,algorithm_online,0.0005660420283675194,True
counterpoint_symbolic_n3_wide_20_108_span18_v001-p001_over_018-schema0-schema0_no_contraction-trainrep0,controller_decision,algorithm_online,5.0791073590517044e-05,True
counterpoint_symbolic_n3_wide_20_108_span18_v001-p001_over_018-schema0-schema0_no_contraction-trainrep0,learner_update,algorithm_online,1.3542012311518192e-05,True
counterpoint_symbolic_n3_wide_20_108_span18_v001-p001_over_018-schema0-schema0_no_contraction-trainrep0,controller_decision,algorithm_online,2.2666994482278824e-05,True
counterpoint_symbolic_n3_wide_20_108_span18_v001-p001_over_018-schema0-schema0_no_contraction-trainrep0,learner_act,algorithm_online,1.0375049896538258e-05,True
counterpoint_symbolic_n3_wide_20_108_span18_v001-p001_over_018-schema0-schema0_no_contraction-trainrep0,environment_step,algorithm_online,2.8416980057954788e-05,True
counterpoint_symbolic_n3_wide_20_108_span18_v001-p001_over_018-schema0-schema0_no_contraction-trainrep0,lift_resolve,algorithm_online,0.000587458023801446,True
counterpoint_symbolic_n3_wide_20_108_span18_v001-p001_over_018-schema0-schema0_no_contraction-trainrep0,controller_decision,algorithm_online,1.691700890660286e-05,True
counterpoint_symbolic_n3_wide_20_108_span18_v001-p001_over_018-schema0-schema0_no_contraction-trainrep0,learner_act,algorithm_online,1.8707942217588425e-05,True
counterpoint_symbolic_n3_wide_20_108_span18_v001-p001_over_018-schema0-schema0_no_contraction-trainrep0,environment_step,algorithm_online,7.683294825255871e-05,True
counterpoint_symbolic_n3_wide_20_108_span18_v001-p001_over_018-schema0-schema0_no_contraction-trainrep0,lift_resolve,algorithm_online,0.0006562499329447746,True
counterpoint_symbolic_n3_wide_20_108_span18_v001-p001_over_018-schema0-schema0_no_contraction-trainrep0,controller_decision,algorithm_online,1.4042016118764877e-05,True
counterpoint_symbolic_n3_wide_20_108_span18_v001-p001_over_018-schema0-schema0_no_contraction-trainrep0,learner_act,algorithm_online,1.4708028174936771e-05,True
counterpoint_symbolic_n3_wide_20_108_span18_v001-p001_over_018-schema0-schema0_no_contraction-trainrep0,environment_step,algorithm_online,2.716702874749899e-05,True
counterpoint_symbolic_n3_wide_20_108_span18_v001-p001_over_018-schema0-schema0_no_contraction-trainrep0,lift_resolve,algorithm_online,0.0005537500837817788,True
counterpoint_symbolic_n3_wide_20_108_span18_v001-p001_over_018-schema0-schema0_no_contraction-trainrep0,controller_decision,algorithm_online,1.708406489342451e-05,True
counterpoint_symbolic_n3_wide_20_108_span18_v001-p001_over_018-schema0-schema0_no_contraction-trainrep0,learner_update,algorithm_online,1.183303538709879e-05,True
counterpoint_symbolic_n3_wide_20_108_span18_v001-p001_over_018-schema0-schema0_no_contraction-trainrep0,controller_decision,algorithm_online,1.425005029886961e-05,True
counterpoint_symbolic_n3_wide_20_108_span18_v001-p001_over_018-schema0-schema0_no_contraction-trainrep0,learner_act,algorithm_online,8.582952432334423e-06,True
counterpoint_symbolic_n3_wide_20_108_span18_v001-p001_over_018-schema0-schema0_no_contraction-trainrep0,environment_step,algorithm_online,4.195899236947298e-05,True
counterpoint_symbolic_n3_wide_20_108_span18_v001-p001_over_018-schema0-schema0_no_contraction-trainrep0,lift_resolve,algorithm_online,0.0005844580009579659,True
counterpoint_symbolic_n3_wide_20_108_span18_v001-p001_over_018-schema0-schema0_no_contraction-trainrep0,environment_reset,algorithm_online,0.16795999999158084,True
counterpoint_symbolic_n3_wide_20_108_span18_v001-p001_over_018-schema0-schema0_no_contraction-trainrep0,controller_decision,algorithm_online,2.4667009711265564e-05,True
counterpoint_symbolic_n3_wide_20_108_span18_v001-p001_over_018-schema0-schema0_no_contraction-trainrep0,learner_act,algorithm_online,1.554097980260849e-05,True
counterpoint_symbolic_n3_wide_20_108_span18_v001-p001_over_018-schema0-schema0_no_contraction-trainrep0,environment_step,algorithm_online,3.041699528694153e-05,True
counterpoint_symbolic_n3_wide_20_108_span18_v001-p001_over_018-schema0-schema0_no_contraction-trainrep0,lift_resolve,algorithm_online,0.0005703329807147384,True
counterpoint_symbolic_n3_wide_20_108_span18_v001-p001_over_018-schema0-schema0_no_contraction-trainrep0,controller_decision,algorithm_online,2.6709050871431828e-05,True
counterpoint_symbolic_n3_wide_20_108_span18_v001-p001_over_018-schema0-schema0_no_contraction-trainrep0,learner_act,algorithm_online,2.3582950234413147e-05,True
counterpoint_symbolic_n3_wide_20_108_span18_v001-p001_over_018-schema0-schema0_no_contraction-trainrep0,environment_step,algorithm_online,3.6624958738684654e-05,True
counterpoint_symbolic_n3_wide_20_108_span18_v001-p001_over_018-schema0-schema0_no_contraction-trainrep0,lift_resolve,algorithm_online,0.0006087920628488064,True
counterpoint_symbolic_n3_wide_20_108_span18_v001-p001_over_018-schema0-schema0_no_contraction-trainrep0,controller_decision,algorithm_online,2.295803278684616e-05,True
counterpoint_symbolic_n3_wide_20_108_span18_v001-p001_over_018-schema0-schema0_no_contraction-trainrep0,learner_act,algorithm_online,1.2750038877129555e-05,True
counterpoint_symbolic_n3_wide_20_108_span18_v001-p001_over_018-schema0-schema0_no_contraction-trainrep0,environment_step,algorithm_online,2.5417073629796505e-05,True
counterpoint_symbolic_n3_wide_20_108_span18_v001-p001_over_018-schema0-schema0_no_contraction-trainrep0,lift_resolve,algorithm_online,0.0005503330612555146,True
counterpoint_symbolic_n3_wide_20_108_span18_v001-p001_over_018-schema0-schema0_no_contraction-trainrep0,controller_decision,algorithm_online,2.320797648280859e-05,True
counterpoint_symbolic_n3_wide_20_108_span18_v001-p001_over_018-schema0-schema0_no_contraction-trainrep0,learner_act,algorithm_online,8.249888196587563e-06,True
counterpoint_symbolic_n3_wide_20_108_span18_v001-p001_over_018-schema0-schema0_no_contraction-trainrep0,environment_step,algorithm_online,2.475001383572817e-05,True
counterpoint_symbolic_n3_wide_20_108_span18_v001-p001_over_018-schema0-schema0_no_contraction-trainrep0,lift_resolve,algorithm_online,0.0006255840416997671,True
counterpoint_symbolic_n3_wide_20_108_span18_v001-p001_over_018-schema0-schema0_no_contraction-trainrep0,controller_decision,algorithm_online,1.0124989785254002e-05,True
counterpoint_symbolic_n3_wide_20_108_span18_v001-p001_over_018-schema0-schema0_no_contraction-trainrep0,learner_update,algorithm_online,1.0541989468038082e-05,True
counterpoint_symbolic_n3_wide_20_108_span18_v001-p001_over_018-schema0-schema0_no_contraction-trainrep0,controller_decision,algorithm_online,9.584007784724236e-06,True
counterpoint_symbolic_n3_wide_20_108_span18_v001-p001_over_018-schema0-schema0_no_contraction-trainrep0,learner_act,algorithm_online,1.5208031982183456e-05,True
counterpoint_symbolic_n3_wide_20_108_span18_v001-p001_over_018-schema0-schema0_no_contraction-trainrep0,environment_step,algorithm_online,3.591692075133324e-05,True
counterpoint_symbolic_n3_wide_20_108_span18_v001-p001_over_018-schema0-schema0_no_contraction-trainrep0,lift_resolve,algorithm_online,0.0006026671035215259,True
counterpoint_symbolic_n3_wide_20_108_span18_v001-p001_over_018-schema0-schema0_no_contraction-trainrep0,controller_decision,algorithm_online,2.7458067052066326e-05,True
counterpoint_symbolic_n3_wide_20_108_span18_v001-p001_over_018-schema0-schema0_no_contraction-trainrep0,learner_act,algorithm_online,1.1208932846784592e-05,True
counterpoint_symbolic_n3_wide_20_108_span18_v001-p001_over_018-schema0-schema0_no_contraction-trainrep0,environment_step,algorithm_online,2.9459013603627682e-05,True
counterpoint_symbolic_n3_wide_20_108_span18_v001-p001_over_018-schema0-schema0_no_contraction-trainrep0,lift_resolve,algorithm_online,0.0005750000709667802,True
counterpoint_symbolic_n3_wide_20_108_span18_v001-p001_over_018-schema0-schema0_no_contraction-trainrep0,controller_decision,algorithm_online,2.1750107407569885e-05,True
counterpoint_symbolic_n3_wide_20_108_span18_v001-p001_over_018-schema0-schema0_no_contraction-trainrep0,learner_act,algorithm_online,1.4499993994832039e-05,True
counterpoint_symbolic_n3_wide_20_108_span18_v001-p001_over_018-schema0-schema0_no_contraction-trainrep0,environment_step,algorithm_online,4.6625034883618355e-05,True
counterpoint_symbolic_n3_wide_20_108_span18_v001-p001_over_018-schema0-schema0_no_contraction-trainrep0,lift_resolve,algorithm_online,0.0007275829557329416,True
counterpoint_symbolic_n3_wide_20_108_span18_v001-p001_over_018-schema0-schema0_no_contraction-trainrep0,controller_decision,algorithm_online,2.337503246963024e-05,True
counterpoint_symbolic_n3_wide_20_108_span18_v001-p001_over_018-schema0-schema0_no_contraction-trainrep0,learner_update,algorithm_online,1.4042016118764877e-05,True
counterpoint_symbolic_n3_wide_20_108_span18_v001-p001_over_018-schema0-schema0_no_contraction-trainrep0,controller_decision,algorithm_online,2.0292005501687527e-05,True
counterpoint_symbolic_n3_wide_20_108_span18_v001-p001_over_018-schema0-schema0_no_contraction-trainrep0,learner_act,algorithm_online,9.541050530970097e-06,True
counterpoint_symbolic_n3_wide_20_108_span18_v001-p001_over_018-schema0-schema0_no_contraction-trainrep0,environment_step,algorithm_online,2.4082954041659832e-05,True
counterpoint_symbolic_n3_wide_20_108_span18_v001-p001_over_018-schema0-schema0_no_contraction-trainrep0,lift_resolve,algorithm_online,0.0005384589312598109,True
counterpoint_symbolic_n3_wide_20_108_span18_v001-p001_over_018-schema0-schema0_no_contraction-trainrep0,environment_reset,algorithm_online,0.16682679194491357,True
counterpoint_symbolic_n3_wide_20_108_span18_v001-p001_over_018-schema0-schema0_no_contraction-trainrep0,controller_decision,algorithm_online,2.1415995433926582e-05,True
counterpoint_symbolic_n3_wide_20_108_span18_v001-p001_over_018-schema0-schema0_no_contraction-trainrep0,learner_act,algorithm_online,1.5416997484862804e-05,True
counterpoint_symbolic_n3_wide_20_108_span18_v001-p001_over_018-schema0-schema0_no_contraction-trainrep0,environment_step,algorithm_online,3.162503708153963e-05,True
counterpoint_symbolic_n3_wide_20_108_span18_v001-p001_over_018-schema0-schema0_no_contraction-trainrep0,lift_resolve,algorithm_online,0.0005590419750660658,True
counterpoint_symbolic_n3_wide_20_108_span18_v001-p001_over_018-schema0-schema0_no_contraction-trainrep0,controller_decision,algorithm_online,2.4540931917726994e-05,True
counterpoint_symbolic_n3_wide_20_108_span18_v001-p001_over_018-schema0-schema0_no_contraction-trainrep0,learner_act,algorithm_online,1.2625008821487427e-05,True
counterpoint_symbolic_n3_wide_20_108_span18_v001-p001_over_018-schema0-schema0_no_contraction-trainrep0,environment_step,algorithm_online,2.5833025574684143e-05,True
counterpoint_symbolic_n3_wide_20_108_span18_v001-p001_over_018-schema0-schema0_no_contraction-trainrep0,lift_resolve,algorithm_online,0.00055966607760638,True
counterpoint_symbolic_n3_wide_20_108_span18_v001-p001_over_018-schema0-schema0_no_contraction-trainrep0,controller_decision,algorithm_online,2.3374916054308414e-05,True
counterpoint_symbolic_n3_wide_20_108_span18_v001-p001_over_018-schema0-schema0_no_contraction-trainrep0,learner_act,algorithm_online,7.833004929125309e-06,True
counterpoint_symbolic_n3_wide_20_108_span18_v001-p001_over_018-schema0-schema0_no_contraction-trainrep0,environment_step,algorithm_online,2.2083986550569534e-05,True
counterpoint_symbolic_n3_wide_20_108_span18_v001-p001_over_018-schema0-schema0_no_contraction-trainrep0,lift_resolve,algorithm_online,0.0005448330193758011,True
counterpoint_symbolic_n3_wide_20_108_span18_v001-p001_over_018-schema0-schema0_no_contraction-trainrep0,controller_decision,algorithm_online,2.050003968179226e-05,True
counterpoint_symbolic_n3_wide_20_108_span18_v001-p001_over_018-schema0-schema0_no_contraction-trainrep0,learner_act,algorithm_online,1.391698606312275e-05,True
counterpoint_symbolic_n3_wide_20_108_span18_v001-p001_over_018-schema0-schema0_no_contraction-trainrep0,environment_step,algorithm_online,2.8957962058484554e-05,True
counterpoint_symbolic_n3_wide_20_108_span18_v001-p001_over_018-schema0-schema0_no_contraction-trainrep0,lift_resolve,algorithm_online,0.0005599170690402389,True
counterpoint_symbolic_n3_wide_20_108_span18_v001-p001_over_018-schema0-schema0_no_contraction-trainrep0,controller_decision,algorithm_online,2.304196823388338e-05,True
counterpoint_symbolic_n3_wide_20_108_span18_v001-p001_over_018-schema0-schema0_no_contraction-trainrep0,learner_update,algorithm_online,9.582960046827793e-06,True
counterpoint_symbolic_n3_wide_20_108_span18_v001-p001_over_018-schema0-schema0_no_contraction-trainrep0,controller_decision,algorithm_online,2.2042077034711838e-05,True
counterpoint_symbolic_n3_wide_20_108_span18_v001-p001_over_018-schema0-schema0_no_contraction-trainrep0,learner_act,algorithm_online,6.124959327280521e-06,True
counterpoint_symbolic_n3_wide_20_108_span18_v001-p001_over_018-schema0-schema0_no_contraction-trainrep0,environment_step,algorithm_online,2.350006252527237e-05,True
counterpoint_symbolic_n3_wide_20_108_span18_v001-p001_over_018-schema0-schema0_no_contraction-trainrep0,lift_resolve,algorithm_online,0.0005573329981416464,True
counterpoint_symbolic_n3_wide_20_108_span18_v001-p001_over_018-schema0-schema0_no_contraction-trainrep0,controller_decision,algorithm_online,2.704199869185686e-05,True
counterpoint_symbolic_n3_wide_20_108_span18_v001-p001_over_018-schema0-schema0_no_contraction-trainrep0,learner_act,algorithm_online,1.2415926903486252e-05,True
counterpoint_symbolic_n3_wide_20_108_span18_v001-p001_over_018-schema0-schema0_no_contraction-trainrep0,environment_step,algorithm_online,2.4250010028481483e-05,True
counterpoint_symbolic_n3_wide_20_108_span18_v001-p001_over_018-schema0-schema0_no_contraction-trainrep0,lift_resolve,algorithm_online,0.0005657499423250556,True
counterpoint_symbolic_n3_wide_20_108_span18_v001-p001_over_018-schema0-schema0_no_contraction-trainrep0,controller_decision,algorithm_online,1.9834027625620365e-05,True
counterpoint_symbolic_n3_wide_20_108_span18_v001-p001_over_018-schema0-schema0_no_contraction-trainrep0,learner_act,algorithm_online,8.624978363513947e-06,True
counterpoint_symbolic_n3_wide_20_108_span18_v001-p001_over_018-schema0-schema0_no_contraction-trainrep0,environment_step,algorithm_online,2.2374908439815044e-05,True
counterpoint_symbolic_n3_wide_20_108_span18_v001-p001_over_018-schema0-schema0_no_contraction-trainrep0,lift_resolve,algorithm_online,0.000604208093136549,True
counterpoint_symbolic_n3_wide_20_108_span18_v001-p001_over_018-schema0-schema0_no_contraction-trainrep0,controller_decision,algorithm_online,1.6708974726498127e-05,True
counterpoint_symbolic_n3_wide_20_108_span18_v001-p001_over_018-schema0-schema0_no_contraction-trainrep0,learner_update,algorithm_online,8.375034667551517e-06,True
counterpoint_symbolic_n3_wide_20_108_span18_v001-p001_over_018-schema0-schema0_no_contraction-trainrep0,controller_decision,algorithm_online,1.629104372113943e-05,True
counterpoint_symbolic_n3_wide_20_108_span18_v001-p001_over_018-schema0-schema0_no_contraction-trainrep0,learner_act,algorithm_online,9.333016350865364e-06,True
counterpoint_symbolic_n3_wide_20_108_span18_v001-p001_over_018-schema0-schema0_no_contraction-trainrep0,environment_step,algorithm_online,2.5792047381401062e-05,True
counterpoint_symbolic_n3_wide_20_108_span18_v001-p001_over_018-schema0-schema0_no_contraction-trainrep0,lift_resolve,algorithm_online,0.0006128749810159206,True
counterpoint_symbolic_n3_wide_20_108_span18_v001-p001_over_018-schema0-schema0_no_contraction-trainrep0,environment_reset,algorithm_online,0.1653684580232948,True
counterpoint_symbolic_n3_wide_20_108_span18_v001-p001_over_018-schema0-schema0_no_contraction-trainrep0,controller_decision,algorithm_online,1.995800994336605e-05,True
counterpoint_symbolic_n3_wide_20_108_span18_v001-p001_over_018-schema0-schema0_no_contraction-trainrep0,learner_act,algorithm_online,1.970806624740362e-05,True
counterpoint_symbolic_n3_wide_20_108_span18_v001-p001_over_018-schema0-schema0_no_contraction-trainrep0,environment_step,algorithm_online,3.5375007428228855e-05,True
counterpoint_symbolic_n3_wide_20_108_span18_v001-p001_over_018-schema0-schema0_no_contraction-trainrep0,lift_resolve,algorithm_online,0.0006261669332161546,True
counterpoint_symbolic_n3_wide_20_108_span18_v001-p001_over_018-schema0-schema0_no_contraction-trainrep0,controller_decision,algorithm_online,3.108393866568804e-05,True
counterpoint_symbolic_n3_wide_20_108_span18_v001-p001_over_018-schema0-schema0_no_contraction-trainrep0,learner_act,algorithm_online,8.582952432334423e-06,True
counterpoint_symbolic_n3_wide_20_108_span18_v001-p001_over_018-schema0-schema0_no_contraction-trainrep0,environment_step,algorithm_online,2.6875059120357037e-05,True
counterpoint_symbolic_n3_wide_20_108_span18_v001-p001_over_018-schema0-schema0_no_contraction-trainrep0,lift_resolve,algorithm_online,0.0005640420131385326,True
counterpoint_symbolic_n3_wide_20_108_span18_v001-p001_over_018-schema0-schema0_no_contraction-trainrep0,controller_decision,algorithm_online,1.8874998204410076e-05,True
counterpoint_symbolic_n3_wide_20_108_span18_v001-p001_over_018-schema0-schema0_no_contraction-trainrep0,learner_act,algorithm_online,1.0665971785783768e-05,True
counterpoint_symbolic_n3_wide_20_108_span18_v001-p001_over_018-schema0-schema0_no_contraction-trainrep0,environment_step,algorithm_online,2.450007013976574e-05,True
counterpoint_symbolic_n3_wide_20_108_span18_v001-p001_over_018-schema0-schema0_no_contraction-trainrep0,lift_resolve,algorithm_online,0.0005425000563263893,True
counterpoint_symbolic_n3_wide_20_108_span18_v001-p001_over_018-schema0-schema0_no_contraction-trainrep0,controller_decision,algorithm_online,2.1791085600852966e-05,True
counterpoint_symbolic_n3_wide_20_108_span18_v001-p001_over_018-schema0-schema0_no_contraction-trainrep0,learner_act,algorithm_online,1.0041985660791397e-05,True
counterpoint_symbolic_n3_wide_20_108_span18_v001-p001_over_018-schema0-schema0_no_contraction-trainrep0,environment_step,algorithm_online,2.475001383572817e-05,True
counterpoint_symbolic_n3_wide_20_108_span18_v001-p001_over_018-schema0-schema0_no_contraction-trainrep0,lift_resolve,algorithm_online,0.0005508329486474395,True
counterpoint_symbolic_n3_wide_20_108_span18_v001-p001_over_018-schema0-schema0_no_contraction-trainrep0,controller_decision,algorithm_online,1.9041006453335285e-05,True
counterpoint_symbolic_n3_wide_20_108_span18_v001-p001_over_018-schema0-schema0_no_contraction-trainrep0,learner_update,algorithm_online,1.0916031897068024e-05,True
counterpoint_symbolic_n3_wide_20_108_span18_v001-p001_over_018-schema0-schema0_no_contraction-trainrep0,controller_decision,algorithm_online,1.679197885096073e-05,True
counterpoint_symbolic_n3_wide_20_108_span18_v001-p001_over_018-schema0-schema0_no_contraction-trainrep0,learner_act,algorithm_online,8.25000461190939e-06,True
counterpoint_symbolic_n3_wide_20_108_span18_v001-p001_over_018-schema0-schema0_no_contraction-trainrep0,environment_step,algorithm_online,2.7542002499103546e-05,True
counterpoint_symbolic_n3_wide_20_108_span18_v001-p001_over_018-schema0-schema0_no_contraction-trainrep0,lift_resolve,algorithm_online,0.0006111670518293977,True
counterpoint_symbolic_n3_wide_20_108_span18_v001-p001_over_018-schema0-schema0_no_contraction-trainrep0,controller_decision,algorithm_online,1.733400858938694e-05,True
counterpoint_symbolic_n3_wide_20_108_span18_v001-p001_over_018-schema0-schema0_no_contraction-trainrep0,learner_act,algorithm_online,1.1916039511561394e-05,True
counterpoint_symbolic_n3_wide_20_108_span18_v001-p001_over_018-schema0-schema0_no_contraction-trainrep0,environment_step,algorithm_online,6.400002166628838e-05,True
counterpoint_symbolic_n3_wide_20_108_span18_v001-p001_over_018-schema0-schema0_no_contraction-trainrep0,lift_resolve,algorithm_online,0.0005683340132236481,True
counterpoint_symbolic_n3_wide_20_108_span18_v001-p001_over_018-schema0-schema0_no_contraction-trainrep0,controller_decision,algorithm_online,2.3499946109950542e-05,True
counterpoint_symbolic_n3_wide_20_108_span18_v001-p001_over_018-schema0-schema0_no_contraction-trainrep0,learner_act,algorithm_online,7.1660615503787994e-06,True
counterpoint_symbolic_n3_wide_20_108_span18_v001-p001_over_018-schema0-schema0_no_contraction-trainrep0,environment_step,algorithm_online,3.091699909418821e-05,True
counterpoint_symbolic_n3_wide_20_108_span18_v001-p001_over_018-schema0-schema0_no_contraction-trainrep0,lift_resolve,algorithm_online,0.0006527079967781901,True
counterpoint_symbolic_n3_wide_20_108_span18_v001-p001_over_018-schema0-schema0_no_contraction-trainrep0,controller_decision,algorithm_online,2.2332998923957348e-05,True
counterpoint_symbolic_n3_wide_20_108_span18_v001-p001_over_018-schema0-schema0_no_contraction-trainrep0,learner_update,algorithm_online,8.958042599260807e-06,True
counterpoint_symbolic_n3_wide_20_108_span18_v001-p001_over_018-schema0-schema0_no_contraction-trainrep0,controller_decision,algorithm_online,2.108304761350155e-05,True
counterpoint_symbolic_n3_wide_20_108_span18_v001-p001_over_018-schema0-schema0_no_contraction-trainrep0,learner_act,algorithm_online,6.66698906570673e-06,True
counterpoint_symbolic_n3_wide_20_108_span18_v001-p001_over_018-schema0-schema0_no_contraction-trainrep0,environment_step,algorithm_online,2.4125096388161182e-05,True
counterpoint_symbolic_n3_wide_20_108_span18_v001-p001_over_018-schema0-schema0_no_contraction-trainrep0,lift_resolve,algorithm_online,0.0005438339430838823,True
counterpoint_symbolic_n3_wide_20_108_span18_v001-p001_over_018-schema0-schema0_no_contraction-trainrep0,environment_reset,algorithm_online,0.1658432090189308,True
counterpoint_symbolic_n3_wide_20_108_span18_v001-p001_over_018-schema0-schema0_no_contraction-trainrep0,controller_decision,algorithm_online,2.1209008991718292e-05,True
counterpoint_symbolic_n3_wide_20_108_span18_v001-p001_over_018-schema0-schema0_no_contraction-trainrep0,learner_act,algorithm_online,1.8874998204410076e-05,True
counterpoint_symbolic_n3_wide_20_108_span18_v001-p001_over_018-schema0-schema0_no_contraction-trainrep0,environment_step,algorithm_online,3.070896491408348e-05,True
counterpoint_symbolic_n3_wide_20_108_span18_v001-p001_over_018-schema0-schema0_no_contraction-trainrep0,lift_resolve,algorithm_online,0.0005841250531375408,True
counterpoint_symbolic_n3_wide_20_108_span18_v001-p001_over_018-schema0-schema0_no_contraction-trainrep0,controller_decision,algorithm_online,2.37500062212348e-05,True
counterpoint_symbolic_n3_wide_20_108_span18_v001-p001_over_018-schema0-schema0_no_contraction-trainrep0,learner_act,algorithm_online,1.570803578943014e-05,True
counterpoint_symbolic_n3_wide_20_108_span18_v001-p001_over_018-schema0-schema0_no_contraction-trainrep0,environment_step,algorithm_online,3.408303018659353e-05,True
counterpoint_symbolic_n3_wide_20_108_span18_v001-p001_over_018-schema0-schema0_no_contraction-trainrep0,lift_resolve,algorithm_online,0.0006175000453367829,True
counterpoint_symbolic_n3_wide_20_108_span18_v001-p001_over_018-schema0-schema0_no_contraction-trainrep0,controller_decision,algorithm_online,2.6166089810431004e-05,True
counterpoint_symbolic_n3_wide_20_108_span18_v001-p001_over_018-schema0-schema0_no_contraction-trainrep0,learner_act,algorithm_online,1.3458076864480972e-05,True
counterpoint_symbolic_n3_wide_20_108_span18_v001-p001_over_018-schema0-schema0_no_contraction-trainrep0,environment_step,algorithm_online,3.066693898290396e-05,True
counterpoint_symbolic_n3_wide_20_108_span18_v001-p001_over_018-schema0-schema0_no_contraction-trainrep0,lift_resolve,algorithm_online,0.0005861249519512057,True
counterpoint_symbolic_n3_wide_20_108_span18_v001-p001_over_018-schema0-schema0_no_contraction-trainrep0,controller_decision,algorithm_online,2.4875043891370296e-05,True
counterpoint_symbolic_n3_wide_20_108_span18_v001-p001_over_018-schema0-schema0_no_contraction-trainrep0,learner_act,algorithm_online,1.1375057511031628e-05,True
counterpoint_symbolic_n3_wide_20_108_span18_v001-p001_over_018-schema0-schema0_no_contraction-trainrep0,environment_step,algorithm_online,2.9875081963837147e-05,True
counterpoint_symbolic_n3_wide_20_108_span18_v001-p001_over_018-schema0-schema0_no_contraction-trainrep0,lift_resolve,algorithm_online,0.0006069169612601399,True
counterpoint_symbolic_n3_wide_20_108_span18_v001-p001_over_018-schema0-schema0_no_contraction-trainrep0,controller_decision,algorithm_online,2.2292020730674267e-05,True
counterpoint_symbolic_n3_wide_20_108_span18_v001-p001_over_018-schema0-schema0_no_contraction-trainrep0,learner_update,algorithm_online,7.958034984767437e-06,True
counterpoint_symbolic_n3_wide_20_108_span18_v001-p001_over_018-schema0-schema0_no_contraction-trainrep0,controller_decision,algorithm_online,1.8249964341521263e-05,True
counterpoint_symbolic_n3_wide_20_108_span18_v001-p001_over_018-schema0-schema0_no_contraction-trainrep0,learner_act,algorithm_online,1.504190731793642e-05,True
counterpoint_symbolic_n3_wide_20_108_span18_v001-p001_over_018-schema0-schema0_no_contraction-trainrep0,environment_step,algorithm_online,2.7749920263886452e-05,True
counterpoint_symbolic_n3_wide_20_108_span18_v001-p001_over_018-schema0-schema0_no_contraction-trainrep0,lift_resolve,algorithm_online,0.0005602090386673808,True
counterpoint_symbolic_n3_wide_20_108_span18_v001-p001_over_018-schema0-schema0_no_contraction-trainrep0,controller_decision,algorithm_online,2.395804040133953e-05,True
counterpoint_symbolic_n3_wide_20_108_span18_v001-p001_over_018-schema0-schema0_no_contraction-trainrep0,learner_act,algorithm_online,1.1958996765315533e-05,True
counterpoint_symbolic_n3_wide_20_108_span18_v001-p001_over_018-schema0-schema0_no_contraction-trainrep0,environment_step,algorithm_online,3.224995452910662e-05,True
counterpoint_symbolic_n3_wide_20_108_span18_v001-p001_over_018-schema0-schema0_no_contraction-trainrep0,lift_resolve,algorithm_online,0.0005709169199690223,True
counterpoint_symbolic_n3_wide_20_108_span18_v001-p001_over_018-schema0-schema0_no_contraction-trainrep0,controller_decision,algorithm_online,2.6541994884610176e-05,True
counterpoint_symbolic_n3_wide_20_108_span18_v001-p001_over_018-schema0-schema0_no_contraction-trainrep0,learner_act,algorithm_online,6.9999368861317635e-06,True
counterpoint_symbolic_n3_wide_20_108_span18_v001-p001_over_018-schema0-schema0_no_contraction-trainrep0,environment_step,algorithm_online,2.3000058718025684e-05,True
counterpoint_symbolic_n3_wide_20_108_span18_v001-p001_over_018-schema0-schema0_no_contraction-trainrep0,lift_resolve,algorithm_online,0.0005992499645799398,True
counterpoint_symbolic_n3_wide_20_108_span18_v001-p001_over_018-schema0-schema0_no_contraction-trainrep0,controller_decision,algorithm_online,2.4124979972839355e-05,True
counterpoint_symbolic_n3_wide_20_108_span18_v001-p001_over_018-schema0-schema0_no_contraction-trainrep0,learner_update,algorithm_online,1.154094934463501e-05,True
counterpoint_symbolic_n3_wide_20_108_span18_v001-p001_over_018-schema0-schema0_no_contraction-trainrep0,controller_decision,algorithm_online,2.1999934688210487e-05,True
counterpoint_symbolic_n3_wide_20_108_span18_v001-p001_over_018-schema0-schema0_no_contraction-trainrep0,learner_act,algorithm_online,1.654098741710186e-05,True
counterpoint_symbolic_n3_wide_20_108_span18_v001-p001_over_018-schema0-schema0_no_contraction-trainrep0,environment_step,algorithm_online,2.9208953492343426e-05,True
counterpoint_symbolic_n3_wide_20_108_span18_v001-p001_over_018-schema0-schema0_no_contraction-trainrep0,lift_resolve,algorithm_online,0.0006598749896511436,True
counterpoint_symbolic_n3_wide_20_108_span18_v001-p001_over_018-schema0-schema0_no_contraction-trainrep0,environment_reset,algorithm_online,0.16517333302181214,True
counterpoint_symbolic_n3_wide_20_108_span18_v001-p001_over_018-schema0-schema0_no_contraction-trainrep0,controller_decision,algorithm_online,2.0749983377754688e-05,True
counterpoint_symbolic_n3_wide_20_108_span18_v001-p001_over_018-schema0-schema0_no_contraction-trainrep0,learner_act,algorithm_online,1.8291990272700787e-05,True
counterpoint_symbolic_n3_wide_20_108_span18_v001-p001_over_018-schema0-schema0_no_contraction-trainrep0,environment_step,algorithm_online,3.062502946704626e-05,True
counterpoint_symbolic_n3_wide_20_108_span18_v001-p001_over_018-schema0-schema0_no_contraction-trainrep0,lift_resolve,algorithm_online,0.0005685000214725733,True
counterpoint_symbolic_n3_wide_20_108_span18_v001-p001_over_018-schema0-schema0_no_contraction-trainrep0,controller_decision,algorithm_online,2.3916945792734623e-05,True
counterpoint_symbolic_n3_wide_20_108_span18_v001-p001_over_018-schema0-schema0_no_contraction-trainrep0,learner_act,algorithm_online,9.167008101940155e-06,True
counterpoint_symbolic_n3_wide_20_108_span18_v001-p001_over_018-schema0-schema0_no_contraction-trainrep0,environment_step,algorithm_online,2.237502485513687e-05,True
counterpoint_symbolic_n3_wide_20_108_span18_v001-p001_over_018-schema0-schema0_no_contraction-trainrep0,lift_resolve,algorithm_online,0.0005286249797791243,True
counterpoint_symbolic_n3_wide_20_108_span18_v001-p001_over_018-schema0-schema0_no_contraction-trainrep0,controller_decision,algorithm_online,1.3333046808838844e-05,True
counterpoint_symbolic_n3_wide_20_108_span18_v001-p001_over_018-schema0-schema0_no_contraction-trainrep0,learner_act,algorithm_online,1.1875061318278313e-05,True
counterpoint_symbolic_n3_wide_20_108_span18_v001-p001_over_018-schema0-schema0_no_contraction-trainrep0,environment_step,algorithm_online,3.15000070258975e-05,True
counterpoint_symbolic_n3_wide_20_108_span18_v001-p001_over_018-schema0-schema0_no_contraction-trainrep0,lift_resolve,algorithm_online,0.00058637501206249,True
counterpoint_symbolic_n3_wide_20_108_span18_v001-p001_over_018-schema0-schema0_no_contraction-trainrep0,controller_decision,algorithm_online,1.5875091776251793e-05,True
counterpoint_symbolic_n3_wide_20_108_span18_v001-p001_over_018-schema0-schema0_no_contraction-trainrep0,learner_act,algorithm_online,1.2875068932771683e-05,True
counterpoint_symbolic_n3_wide_20_108_span18_v001-p001_over_018-schema0-schema0_no_contraction-trainrep0,environment_step,algorithm_online,2.6999972760677338e-05,True
counterpoint_symbolic_n3_wide_20_108_span18_v001-p001_over_018-schema0-schema0_no_contraction-trainrep0,lift_resolve,algorithm_online,0.000548834097571671,True
counterpoint_symbolic_n3_wide_20_108_span18_v001-p001_over_018-schema0-schema0_no_contraction-trainrep0,controller_decision,algorithm_online,2.2833002731204033e-05,True
counterpoint_symbolic_n3_wide_20_108_span18_v001-p001_over_018-schema0-schema0_no_contraction-trainrep0,learner_update,algorithm_online,1.1165975593030453e-05,True
counterpoint_symbolic_n3_wide_20_108_span18_v001-p001_over_018-schema0-schema0_no_contraction-trainrep0,controller_decision,algorithm_online,2.1499930880963802e-05,True
counterpoint_symbolic_n3_wide_20_108_span18_v001-p001_over_018-schema0-schema0_no_contraction-trainrep0,learner_act,algorithm_online,1.0708929039537907e-05,True
counterpoint_symbolic_n3_wide_20_108_span18_v001-p001_over_018-schema0-schema0_no_contraction-trainrep0,environment_step,algorithm_online,2.9165996238589287e-05,True
counterpoint_symbolic_n3_wide_20_108_span18_v001-p001_over_018-schema0-schema0_no_contraction-trainrep0,lift_resolve,algorithm_online,0.0005712079582735896,True
counterpoint_symbolic_n3_wide_20_108_span18_v001-p001_over_018-schema0-schema0_no_contraction-trainrep0,controller_decision,algorithm_online,2.3540924303233624e-05,True
counterpoint_symbolic_n3_wide_20_108_span18_v001-p001_over_018-schema0-schema0_no_contraction-trainrep0,learner_act,algorithm_online,7.333001121878624e-06,True
counterpoint_symbolic_n3_wide_20_108_span18_v001-p001_over_018-schema0-schema0_no_contraction-trainrep0,environment_step,algorithm_online,3.599992487579584e-05,True
counterpoint_symbolic_n3_wide_20_108_span18_v001-p001_over_018-schema0-schema0_no_contraction-trainrep0,lift_resolve,algorithm_online,0.0006672500167042017,True
counterpoint_symbolic_n3_wide_20_108_span18_v001-p001_over_018-schema0-schema0_no_contraction-trainrep0,controller_decision,algorithm_online,2.129108179360628e-05,True
counterpoint_symbolic_n3_wide_20_108_span18_v001-p001_over_018-schema0-schema0_no_contraction-trainrep0,learner_act,algorithm_online,1.8167076632380486e-05,True
counterpoint_symbolic_n3_wide_20_108_span18_v001-p001_over_018-schema0-schema0_no_contraction-trainrep0,environment_step,algorithm_online,3.0499999411404133e-05,True
counterpoint_symbolic_n3_wide_20_108_span18_v001-p001_over_018-schema0-schema0_no_contraction-trainrep0,lift_resolve,algorithm_online,0.00101966701913625,True
counterpoint_symbolic_n3_wide_20_108_span18_v001-p001_over_018-schema0-schema0_no_contraction-trainrep0,controller_decision,algorithm_online,1.637497916817665e-05,True
counterpoint_symbolic_n3_wide_20_108_span18_v001-p001_over_018-schema0-schema0_no_contraction-trainrep0,learner_update,algorithm_online,1.166702713817358e-05,True
counterpoint_symbolic_n3_wide_20_108_span18_v001-p001_over_018-schema0-schema0_no_contraction-trainrep0,controller_decision,algorithm_online,1.4583929441869259e-05,True
counterpoint_symbolic_n3_wide_20_108_span18_v001-p001_over_018-schema0-schema0_no_contraction-trainrep0,learner_act,algorithm_online,8.00006091594696e-06,True
counterpoint_symbolic_n3_wide_20_108_span18_v001-p001_over_018-schema0-schema0_no_contraction-trainrep0,environment_step,algorithm_online,2.2707972675561905e-05,True
counterpoint_symbolic_n3_wide_20_108_span18_v001-p001_over_018-schema0-schema0_no_contraction-trainrep0,lift_resolve,algorithm_online,0.000528458971530199,True
counterpoint_symbolic_n3_wide_20_108_span18_v001-p001_over_018-schema0-schema0_no_contraction-trainrep0,environment_reset,algorithm_online,0.16814404097385705,True
counterpoint_symbolic_n3_wide_20_108_span18_v001-p001_over_018-schema0-schema0_no_contraction-trainrep0,controller_decision,algorithm_online,1.9832979887723923e-05,True
counterpoint_symbolic_n3_wide_20_108_span18_v001-p001_over_018-schema0-schema0_no_contraction-trainrep0,learner_act,algorithm_online,1.6000005416572094e-05,True
counterpoint_symbolic_n3_wide_20_108_span18_v001-p001_over_018-schema0-schema0_no_contraction-trainrep0,environment_step,algorithm_online,2.9999995604157448e-05,True
counterpoint_symbolic_n3_wide_20_108_span18_v001-p001_over_018-schema0-schema0_no_contraction-trainrep0,lift_resolve,algorithm_online,0.00056900002527982,True
counterpoint_symbolic_n3_wide_20_108_span18_v001-p001_over_018-schema0-schema0_no_contraction-trainrep0,controller_decision,algorithm_online,2.4042092263698578e-05,True
counterpoint_symbolic_n3_wide_20_108_span18_v001-p001_over_018-schema0-schema0_no_contraction-trainrep0,learner_act,algorithm_online,8.624978363513947e-06,True
counterpoint_symbolic_n3_wide_20_108_span18_v001-p001_over_018-schema0-schema0_no_contraction-trainrep0,environment_step,algorithm_online,2.2292020730674267e-05,True
counterpoint_symbolic_n3_wide_20_108_span18_v001-p001_over_018-schema0-schema0_no_contraction-trainrep0,lift_resolve,algorithm_online,0.000545124989002943,True
counterpoint_symbolic_n3_wide_20_108_span18_v001-p001_over_018-schema0-schema0_no_contraction-trainrep0,controller_decision,algorithm_online,2.587493509054184e-05,True
counterpoint_symbolic_n3_wide_20_108_span18_v001-p001_over_018-schema0-schema0_no_contraction-trainrep0,learner_act,algorithm_online,1.329102087765932e-05,True
counterpoint_symbolic_n3_wide_20_108_span18_v001-p001_over_018-schema0-schema0_no_contraction-trainrep0,environment_step,algorithm_online,2.562499139457941e-05,True
counterpoint_symbolic_n3_wide_20_108_span18_v001-p001_over_018-schema0-schema0_no_contraction-trainrep0,lift_resolve,algorithm_online,0.0005720000481233001,True
counterpoint_symbolic_n3_wide_20_108_span18_v001-p001_over_018-schema0-schema0_no_contraction-trainrep0,controller_decision,algorithm_online,2.1875021047890186e-05,True
counterpoint_symbolic_n3_wide_20_108_span18_v001-p001_over_018-schema0-schema0_no_contraction-trainrep0,learner_act,algorithm_online,8.917064405977726e-06,True
counterpoint_symbolic_n3_wide_20_108_span18_v001-p001_over_018-schema0-schema0_no_contraction-trainrep0,environment_step,algorithm_online,2.2292020730674267e-05,True
counterpoint_symbolic_n3_wide_20_108_span18_v001-p001_over_018-schema0-schema0_no_contraction-trainrep0,lift_resolve,algorithm_online,0.0005457920487970114,True
counterpoint_symbolic_n3_wide_20_108_span18_v001-p001_over_018-schema0-schema0_no_contraction-trainrep0,controller_decision,algorithm_online,2.2000051103532314e-05,True
counterpoint_symbolic_n3_wide_20_108_span18_v001-p001_over_018-schema0-schema0_no_contraction-trainrep0,learner_update,algorithm_online,9.29099041968584e-06,True
counterpoint_symbolic_n3_wide_20_108_span18_v001-p001_over_018-schema0-schema0_no_contraction-trainrep0,controller_decision,algorithm_online,2.1124957129359245e-05,True
counterpoint_symbolic_n3_wide_20_108_span18_v001-p001_over_018-schema0-schema0_no_contraction-trainrep0,learner_act,algorithm_online,7.750000804662704e-06,True
counterpoint_symbolic_n3_wide_20_108_span18_v001-p001_over_018-schema0-schema0_no_contraction-trainrep0,environment_step,algorithm_online,2.8499984182417393e-05,True
counterpoint_symbolic_n3_wide_20_108_span18_v001-p001_over_018-schema0-schema0_no_contraction-trainrep0,lift_resolve,algorithm_online,0.0006789159961044788,True
counterpoint_symbolic_n3_wide_20_108_span18_v001-p001_over_018-schema0-schema0_no_contraction-trainrep0,controller_decision,algorithm_online,1.591700129210949e-05,True
counterpoint_symbolic_n3_wide_20_108_span18_v001-p001_over_018-schema0-schema0_no_contraction-trainrep0,learner_act,algorithm_online,1.0791001841425896e-05,True
counterpoint_symbolic_n3_wide_20_108_span18_v001-p001_over_018-schema0-schema0_no_contraction-trainrep0,environment_step,algorithm_online,6.854196544736624e-05,True
counterpoint_symbolic_n3_wide_20_108_span18_v001-p001_over_018-schema0-schema0_no_contraction-trainrep0,lift_resolve,algorithm_online,0.0006017920095473528,True
counterpoint_symbolic_n3_wide_20_108_span18_v001-p001_over_018-schema0-schema0_no_contraction-trainrep0,controller_decision,algorithm_online,2.0124949514865875e-05,True
counterpoint_symbolic_n3_wide_20_108_span18_v001-p001_over_018-schema0-schema0_no_contraction-trainrep0,learner_act,algorithm_online,6.66698906570673e-06,True
counterpoint_symbolic_n3_wide_20_108_span18_v001-p001_over_018-schema0-schema0_no_contraction-trainrep0,environment_step,algorithm_online,2.1125073544681072e-05,True
counterpoint_symbolic_n3_wide_20_108_span18_v001-p001_over_018-schema0-schema0_no_contraction-trainrep0,lift_resolve,algorithm_online,0.0005348329432308674,True
counterpoint_symbolic_n3_wide_20_108_span18_v001-p001_over_018-schema0-schema0_no_contraction-trainrep0,controller_decision,algorithm_online,1.7083948478102684e-05,True
counterpoint_symbolic_n3_wide_20_108_span18_v001-p001_over_018-schema0-schema0_no_contraction-trainrep0,learner_update,algorithm_online,1.0208925232291222e-05,True
counterpoint_symbolic_n3_wide_20_108_span18_v001-p001_over_018-schema0-schema0_no_contraction-trainrep0,controller_decision,algorithm_online,1.4999997802078724e-05,True
counterpoint_symbolic_n3_wide_20_108_span18_v001-p001_over_018-schema0-schema0_no_contraction-trainrep0,learner_act,algorithm_online,1.908303238451481e-05,True
counterpoint_symbolic_n3_wide_20_108_span18_v001-p001_over_018-schema0-schema0_no_contraction-trainrep0,environment_step,algorithm_online,3.2791984267532825e-05,True
counterpoint_symbolic_n3_wide_20_108_span18_v001-p001_over_018-schema0-schema0_no_contraction-trainrep0,lift_resolve,algorithm_online,0.000581249943934381,True
counterpoint_symbolic_n3_wide_20_108_span18_v001-p001_over_018-schema0-schema0_no_contraction-trainrep0,environment_reset,algorithm_online,0.18635587499011308,True
counterpoint_symbolic_n3_wide_20_108_span18_v001-p001_over_018-schema0-schema0_no_contraction-trainrep0,controller_decision,algorithm_online,2.4958979338407516e-05,True
counterpoint_symbolic_n3_wide_20_108_span18_v001-p001_over_018-schema0-schema0_no_contraction-trainrep0,learner_act,algorithm_online,2.037500962615013e-05,True
counterpoint_symbolic_n3_wide_20_108_span18_v001-p001_over_018-schema0-schema0_no_contraction-trainrep0,environment_step,algorithm_online,3.379094414412975e-05,True
counterpoint_symbolic_n3_wide_20_108_span18_v001-p001_over_018-schema0-schema0_no_contraction-trainrep0,lift_resolve,algorithm_online,0.0006335420766845345,True
counterpoint_symbolic_n3_wide_20_108_span18_v001-p001_over_018-schema0-schema0_no_contraction-trainrep0,controller_decision,algorithm_online,2.1832995116710663e-05,True
counterpoint_symbolic_n3_wide_20_108_span18_v001-p001_over_018-schema0-schema0_no_contraction-trainrep0,learner_act,algorithm_online,1.2291944585740566e-05,True
counterpoint_symbolic_n3_wide_20_108_span18_v001-p001_over_018-schema0-schema0_no_contraction-trainrep0,environment_step,algorithm_online,2.395804040133953e-05,True
counterpoint_symbolic_n3_wide_20_108_span18_v001-p001_over_018-schema0-schema0_no_contraction-trainrep0,lift_resolve,algorithm_online,0.0005453750491142273,True
counterpoint_symbolic_n3_wide_20_108_span18_v001-p001_over_018-schema0-schema0_no_contraction-trainrep0,controller_decision,algorithm_online,1.4499993994832039e-05,True
counterpoint_symbolic_n3_wide_20_108_span18_v001-p001_over_018-schema0-schema0_no_contraction-trainrep0,learner_act,algorithm_online,9.582960046827793e-06,True
counterpoint_symbolic_n3_wide_20_108_span18_v001-p001_over_018-schema0-schema0_no_contraction-trainrep0,environment_step,algorithm_online,2.4834065698087215e-05,True
counterpoint_symbolic_n3_wide_20_108_span18_v001-p001_over_018-schema0-schema0_no_contraction-trainrep0,lift_resolve,algorithm_online,0.0005467080045491457,True
counterpoint_symbolic_n3_wide_20_108_span18_v001-p001_over_018-schema0-schema0_no_contraction-trainrep0,controller_decision,algorithm_online,2.37500062212348e-05,True
counterpoint_symbolic_n3_wide_20_108_span18_v001-p001_over_018-schema0-schema0_no_contraction-trainrep0,learner_act,algorithm_online,8.584000170230865e-06,True
counterpoint_symbolic_n3_wide_20_108_span18_v001-p001_over_018-schema0-schema0_no_contraction-trainrep0,environment_step,algorithm_online,2.0999927073717117e-05,True
counterpoint_symbolic_n3_wide_20_108_span18_v001-p001_over_018-schema0-schema0_no_contraction-trainrep0,lift_resolve,algorithm_online,0.0005374581087380648,True
counterpoint_symbolic_n3_wide_20_108_span18_v001-p001_over_018-schema0-schema0_no_contraction-trainrep0,controller_decision,algorithm_online,2.1290965378284454e-05,True
counterpoint_symbolic_n3_wide_20_108_span18_v001-p001_over_018-schema0-schema0_no_contraction-trainrep0,learner_update,algorithm_online,7.916940376162529e-06,True
counterpoint_symbolic_n3_wide_20_108_span18_v001-p001_over_018-schema0-schema0_no_contraction-trainrep0,controller_decision,algorithm_online,2.095801755785942e-05,True
counterpoint_symbolic_n3_wide_20_108_span18_v001-p001_over_018-schema0-schema0_no_contraction-trainrep0,learner_act,algorithm_online,3.1374976970255375e-05,True
counterpoint_symbolic_n3_wide_20_108_span18_v001-p001_over_018-schema0-schema0_no_contraction-trainrep0,environment_step,algorithm_online,5.9208949096500874e-05,True
counterpoint_symbolic_n3_wide_20_108_span18_v001-p001_over_018-schema0-schema0_no_contraction-trainrep0,lift_resolve,algorithm_online,0.0007227499736472964,True
counterpoint_symbolic_n3_wide_20_108_span18_v001-p001_over_018-schema0-schema0_no_contraction-trainrep0,controller_decision,algorithm_online,2.6333029381930828e-05,True
counterpoint_symbolic_n3_wide_20_108_span18_v001-p001_over_018-schema0-schema0_no_contraction-trainrep0,learner_act,algorithm_online,1.60830095410347e-05,True
counterpoint_symbolic_n3_wide_20_108_span18_v001-p001_over_018-schema0-schema0_no_contraction-trainrep0,environment_step,algorithm_online,2.891593612730503e-05,True
counterpoint_symbolic_n3_wide_20_108_span18_v001-p001_over_018-schema0-schema0_no_contraction-trainrep0,lift_resolve,algorithm_online,0.0005787500413134694,True
counterpoint_symbolic_n3_wide_20_108_span18_v001-p001_over_018-schema0-schema0_no_contraction-trainrep0,controller_decision,algorithm_online,2.037500962615013e-05,True
counterpoint_symbolic_n3_wide_20_108_span18_v001-p001_over_018-schema0-schema0_no_contraction-trainrep0,learner_act,algorithm_online,2.3124972358345985e-05,True
counterpoint_symbolic_n3_wide_20_108_span18_v001-p001_over_018-schema0-schema0_no_contraction-trainrep0,environment_step,algorithm_online,2.4582957848906517e-05,True
counterpoint_symbolic_n3_wide_20_108_span18_v001-p001_over_018-schema0-schema0_no_contraction-trainrep0,lift_resolve,algorithm_online,0.0006069169612601399,True
counterpoint_symbolic_n3_wide_20_108_span18_v001-p001_over_018-schema0-schema0_no_contraction-trainrep0,controller_decision,algorithm_online,2.5792047381401062e-05,True
counterpoint_symbolic_n3_wide_20_108_span18_v001-p001_over_018-schema0-schema0_no_contraction-trainrep0,learner_update,algorithm_online,1.5707919374108315e-05,True
counterpoint_symbolic_n3_wide_20_108_span18_v001-p001_over_018-schema0-schema0_no_contraction-trainrep0,controller_decision,algorithm_online,2.3165950551629066e-05,True
counterpoint_symbolic_n3_wide_20_108_span18_v001-p001_over_018-schema0-schema0_no_contraction-trainrep0,learner_act,algorithm_online,1.2459000572562218e-05,True
counterpoint_symbolic_n3_wide_20_108_span18_v001-p001_over_018-schema0-schema0_no_contraction-trainrep0,environment_step,algorithm_online,3.7334044463932514e-05,True
counterpoint_symbolic_n3_wide_20_108_span18_v001-p001_over_018-schema0-schema0_no_contraction-trainrep0,lift_resolve,algorithm_online,0.0005883750272914767,True
counterpoint_symbolic_n3_wide_20_108_span18_v001-p001_over_018-schema0-schema0_no_contraction-trainrep0,environment_reset,algorithm_online,0.16841291694436222,True
counterpoint_symbolic_n3_wide_20_108_span18_v001-p001_over_018-schema0-schema0_no_contraction-trainrep0,controller_decision,algorithm_online,1.7875107005238533e-05,True
counterpoint_symbolic_n3_wide_20_108_span18_v001-p001_over_018-schema0-schema0_no_contraction-trainrep0,learner_act,algorithm_online,1.666706521064043e-05,True
counterpoint_symbolic_n3_wide_20_108_span18_v001-p001_over_018-schema0-schema0_no_contraction-trainrep0,environment_step,algorithm_online,3.583298530429602e-05,True
counterpoint_symbolic_n3_wide_20_108_span18_v001-p001_over_018-schema0-schema0_no_contraction-trainrep0,lift_resolve,algorithm_online,0.0006027080817148089,True
counterpoint_symbolic_n3_wide_20_108_span18_v001-p001_over_018-schema0-schema0_no_contraction-trainrep0,controller_decision,algorithm_online,2.491590566933155e-05,True
counterpoint_symbolic_n3_wide_20_108_span18_v001-p001_over_018-schema0-schema0_no_contraction-trainrep0,learner_act,algorithm_online,9.875046089291573e-06,True
counterpoint_symbolic_n3_wide_20_108_span18_v001-p001_over_018-schema0-schema0_no_contraction-trainrep0,environment_step,algorithm_online,2.2792024537920952e-05,True
counterpoint_symbolic_n3_wide_20_108_span18_v001-p001_over_018-schema0-schema0_no_contraction-trainrep0,lift_resolve,algorithm_online,0.0005431249737739563,True
counterpoint_symbolic_n3_wide_20_108_span18_v001-p001_over_018-schema0-schema0_no_contraction-trainrep0,controller_decision,algorithm_online,2.1082931198179722e-05,True
counterpoint_symbolic_n3_wide_20_108_span18_v001-p001_over_018-schema0-schema0_no_contraction-trainrep0,learner_act,algorithm_online,7.958034984767437e-06,True
counterpoint_symbolic_n3_wide_20_108_span18_v001-p001_over_018-schema0-schema0_no_contraction-trainrep0,environment_step,algorithm_online,2.2000051103532314e-05,True
counterpoint_symbolic_n3_wide_20_108_span18_v001-p001_over_018-schema0-schema0_no_contraction-trainrep0,lift_resolve,algorithm_online,0.0005372079322114587,True
counterpoint_symbolic_n3_wide_20_108_span18_v001-p001_over_018-schema0-schema0_no_contraction-trainrep0,controller_decision,algorithm_online,1.625006552785635e-05,True
counterpoint_symbolic_n3_wide_20_108_span18_v001-p001_over_018-schema0-schema0_no_contraction-trainrep0,learner_act,algorithm_online,1.0041985660791397e-05,True
counterpoint_symbolic_n3_wide_20_108_span18_v001-p001_over_018-schema0-schema0_no_contraction-trainrep0,environment_step,algorithm_online,2.404197584837675e-05,True
counterpoint_symbolic_n3_wide_20_108_span18_v001-p001_over_018-schema0-schema0_no_contraction-trainrep0,lift_resolve,algorithm_online,0.0005690830294042826,True
counterpoint_symbolic_n3_wide_20_108_span18_v001-p001_over_018-schema0-schema0_no_contraction-trainrep0,controller_decision,algorithm_online,1.8707942217588425e-05,True
counterpoint_symbolic_n3_wide_20_108_span18_v001-p001_over_018-schema0-schema0_no_contraction-trainrep0,learner_update,algorithm_online,1.0207993909716606e-05,True
counterpoint_symbolic_n3_wide_20_108_span18_v001-p001_over_018-schema0-schema0_no_contraction-trainrep0,controller_decision,algorithm_online,1.750001683831215e-05,True
counterpoint_symbolic_n3_wide_20_108_span18_v001-p001_over_018-schema0-schema0_no_contraction-trainrep0,learner_act,algorithm_online,1.266703475266695e-05,True
counterpoint_symbolic_n3_wide_20_108_span18_v001-p001_over_018-schema0-schema0_no_contraction-trainrep0,environment_step,algorithm_online,2.987496554851532e-05,True
counterpoint_symbolic_n3_wide_20_108_span18_v001-p001_over_018-schema0-schema0_no_contraction-trainrep0,lift_resolve,algorithm_online,0.0006025420734658837,True
counterpoint_symbolic_n3_wide_20_108_span18_v001-p001_over_018-schema0-schema0_no_contraction-trainrep0,controller_decision,algorithm_online,1.662492286413908e-05,True
counterpoint_symbolic_n3_wide_20_108_span18_v001-p001_over_018-schema0-schema0_no_contraction-trainrep0,learner_act,algorithm_online,1.5832949429750443e-05,True
counterpoint_symbolic_n3_wide_20_108_span18_v001-p001_over_018-schema0-schema0_no_contraction-trainrep0,environment_step,algorithm_online,7.499998901039362e-05,True
counterpoint_symbolic_n3_wide_20_108_span18_v001-p001_over_018-schema0-schema0_no_contraction-trainrep0,lift_resolve,algorithm_online,0.0006224170792847872,True
counterpoint_symbolic_n3_wide_20_108_span18_v001-p001_over_018-schema0-schema0_no_contraction-trainrep0,controller_decision,algorithm_online,2.254103310406208e-05,True
counterpoint_symbolic_n3_wide_20_108_span18_v001-p001_over_018-schema0-schema0_no_contraction-trainrep0,learner_act,algorithm_online,1.6040983609855175e-05,True
counterpoint_symbolic_n3_wide_20_108_span18_v001-p001_over_018-schema0-schema0_no_contraction-trainrep0,environment_step,algorithm_online,3.012490924447775e-05,True
counterpoint_symbolic_n3_wide_20_108_span18_v001-p001_over_018-schema0-schema0_no_contraction-trainrep0,lift_resolve,algorithm_online,0.000583791988901794,True
counterpoint_symbolic_n3_wide_20_108_span18_v001-p001_over_018-schema0-schema0_no_contraction-trainrep0,controller_decision,algorithm_online,1.966708805412054e-05,True
counterpoint_symbolic_n3_wide_20_108_span18_v001-p001_over_018-schema0-schema0_no_contraction-trainrep0,learner_update,algorithm_online,1.1292053386569023e-05,True
counterpoint_symbolic_n3_wide_20_108_span18_v001-p001_over_018-schema0-schema0_no_contraction-trainrep0,controller_decision,algorithm_online,1.8042046576738358e-05,True
counterpoint_symbolic_n3_wide_20_108_span18_v001-p001_over_018-schema0-schema0_no_contraction-trainrep0,learner_act,algorithm_online,1.1208001524209976e-05,True
counterpoint_symbolic_n3_wide_20_108_span18_v001-p001_over_018-schema0-schema0_no_contraction-trainrep0,environment_step,algorithm_online,2.97910301014781e-05,True
counterpoint_symbolic_n3_wide_20_108_span18_v001-p001_over_018-schema0-schema0_no_contraction-trainrep0,lift_resolve,algorithm_online,0.0005799590144306421,True
counterpoint_symbolic_n3_wide_20_108_span18_v001-p001_over_018-schema0-schema0_no_contraction-trainrep0,environment_reset,algorithm_online,0.16655741701833904,True
counterpoint_symbolic_n3_wide_20_108_span18_v001-p001_over_018-schema0-schema0_no_contraction-trainrep0,controller_decision,algorithm_online,1.750001683831215e-05,True
counterpoint_symbolic_n3_wide_20_108_span18_v001-p001_over_018-schema0-schema0_no_contraction-trainrep0,learner_act,algorithm_online,1.3999990187585354e-05,True
counterpoint_symbolic_n3_wide_20_108_span18_v001-p001_over_018-schema0-schema0_no_contraction-trainrep0,environment_step,algorithm_online,3.416696563363075e-05,True
counterpoint_symbolic_n3_wide_20_108_span18_v001-p001_over_018-schema0-schema0_no_contraction-trainrep0,lift_resolve,algorithm_online,0.0006173750152811408,True
counterpoint_symbolic_n3_wide_20_108_span18_v001-p001_over_018-schema0-schema0_no_contraction-trainrep0,controller_decision,algorithm_online,3.9416016079485416e-05,True
counterpoint_symbolic_n3_wide_20_108_span18_v001-p001_over_018-schema0-schema0_no_contraction-trainrep0,learner_act,algorithm_online,1.4416989870369434e-05,True
counterpoint_symbolic_n3_wide_20_108_span18_v001-p001_over_018-schema0-schema0_no_contraction-trainrep0,environment_step,algorithm_online,2.4707987904548645e-05,True
counterpoint_symbolic_n3_wide_20_108_span18_v001-p001_over_018-schema0-schema0_no_contraction-trainrep0,lift_resolve,algorithm_online,0.000563874957151711,True
counterpoint_symbolic_n3_wide_20_108_span18_v001-p001_over_018-schema0-schema0_no_contraction-trainrep0,controller_decision,algorithm_online,1.066701952368021e-05,True
counterpoint_symbolic_n3_wide_20_108_span18_v001-p001_over_018-schema0-schema0_no_contraction-trainrep0,learner_act,algorithm_online,7.958034984767437e-06,True
counterpoint_symbolic_n3_wide_20_108_span18_v001-p001_over_018-schema0-schema0_no_contraction-trainrep0,environment_step,algorithm_online,2.204196061939001e-05,True
counterpoint_symbolic_n3_wide_20_108_span18_v001-p001_over_018-schema0-schema0_no_contraction-trainrep0,lift_resolve,algorithm_online,0.0005217500729486346,True
counterpoint_symbolic_n3_wide_20_108_span18_v001-p001_over_018-schema0-schema0_no_contraction-trainrep0,controller_decision,algorithm_online,9.707990102469921e-06,True
counterpoint_symbolic_n3_wide_20_108_span18_v001-p001_over_018-schema0-schema0_no_contraction-trainrep0,learner_act,algorithm_online,1.2208009138703346e-05,True
counterpoint_symbolic_n3_wide_20_108_span18_v001-p001_over_018-schema0-schema0_no_contraction-trainrep0,environment_step,algorithm_online,2.679100725799799e-05,True
counterpoint_symbolic_n3_wide_20_108_span18_v001-p001_over_018-schema0-schema0_no_contraction-trainrep0,lift_resolve,algorithm_online,0.0005703330971300602,True
counterpoint_symbolic_n3_wide_20_108_span18_v001-p001_over_018-schema0-schema0_no_contraction-trainrep0,controller_decision,algorithm_online,1.6208970919251442e-05,True
counterpoint_symbolic_n3_wide_20_108_span18_v001-p001_over_018-schema0-schema0_no_contraction-trainrep0,learner_update,algorithm_online,8.709030225872993e-06,True
counterpoint_symbolic_n3_wide_20_108_span18_v001-p001_over_018-schema0-schema0_no_contraction-trainrep0,controller_decision,algorithm_online,1.4625024050474167e-05,True
counterpoint_symbolic_n3_wide_20_108_span18_v001-p001_over_018-schema0-schema0_no_contraction-trainrep0,learner_act,algorithm_online,6.875023245811462e-06,True
counterpoint_symbolic_n3_wide_20_108_span18_v001-p001_over_018-schema0-schema0_no_contraction-trainrep0,environment_step,algorithm_online,2.1542073227465153e-05,True
counterpoint_symbolic_n3_wide_20_108_span18_v001-p001_over_018-schema0-schema0_no_contraction-trainrep0,lift_resolve,algorithm_online,0.0005343749653548002,True
counterpoint_symbolic_n3_wide_20_108_span18_v001-p001_over_018-schema0-schema0_no_contraction-trainrep0,controller_decision,algorithm_online,1.5042023733258247e-05,True
counterpoint_symbolic_n3_wide_20_108_span18_v001-p001_over_018-schema0-schema0_no_contraction-trainrep0,learner_act,algorithm_online,6.624963134527206e-06,True
counterpoint_symbolic_n3_wide_20_108_span18_v001-p001_over_018-schema0-schema0_no_contraction-trainrep0,environment_step,algorithm_online,6.975000724196434e-05,True
counterpoint_symbolic_n3_wide_20_108_span18_v001-p001_over_018-schema0-schema0_no_contraction-trainrep0,lift_resolve,algorithm_online,0.0005866669816896319,True
counterpoint_symbolic_n3_wide_20_108_span18_v001-p001_over_018-schema0-schema0_no_contraction-trainrep0,controller_decision,algorithm_online,1.72910513356328e-05,True
counterpoint_symbolic_n3_wide_20_108_span18_v001-p001_over_018-schema0-schema0_no_contraction-trainrep0,learner_act,algorithm_online,1.679197885096073e-05,True
counterpoint_symbolic_n3_wide_20_108_span18_v001-p001_over_018-schema0-schema0_no_contraction-trainrep0,environment_step,algorithm_online,3.15000070258975e-05,True
counterpoint_symbolic_n3_wide_20_108_span18_v001-p001_over_018-schema0-schema0_no_contraction-trainrep0,lift_resolve,algorithm_online,0.0006005000323057175,True
counterpoint_symbolic_n3_wide_20_108_span18_v001-p001_over_018-schema0-schema0_no_contraction-trainrep0,controller_decision,algorithm_online,2.2833002731204033e-05,True
counterpoint_symbolic_n3_wide_20_108_span18_v001-p001_over_018-schema0-schema0_no_contraction-trainrep0,learner_update,algorithm_online,9.167008101940155e-06,True
counterpoint_symbolic_n3_wide_20_108_span18_v001-p001_over_018-schema0-schema0_no_contraction-trainrep0,controller_decision,algorithm_online,2.0041014067828655e-05,True
counterpoint_symbolic_n3_wide_20_108_span18_v001-p001_over_018-schema0-schema0_no_contraction-trainrep0,learner_act,algorithm_online,6.9999368861317635e-06,True
counterpoint_symbolic_n3_wide_20_108_span18_v001-p001_over_018-schema0-schema0_no_contraction-trainrep0,environment_step,algorithm_online,2.3374916054308414e-05,True
counterpoint_symbolic_n3_wide_20_108_span18_v001-p001_over_018-schema0-schema0_no_contraction-trainrep0,lift_resolve,algorithm_online,0.0005442079855129123,True
counterpoint_symbolic_n3_wide_20_108_span18_v001-p001_over_018-schema0-schema0_no_contraction-trainrep0,environment_reset,algorithm_online,0.16604483302216977,True
counterpoint_symbolic_n3_wide_20_108_span18_v001-p001_over_018-schema0-schema0_no_contraction-trainrep0,controller_decision,algorithm_online,1.8042046576738358e-05,True
counterpoint_symbolic_n3_wide_20_108_span18_v001-p001_over_018-schema0-schema0_no_contraction-trainrep0,learner_act,algorithm_online,1.695798709988594e-05,True
counterpoint_symbolic_n3_wide_20_108_span18_v001-p001_over_018-schema0-schema0_no_contraction-trainrep0,environment_step,algorithm_online,3.062502946704626e-05,True
counterpoint_symbolic_n3_wide_20_108_span18_v001-p001_over_018-schema0-schema0_no_contraction-trainrep0,lift_resolve,algorithm_online,0.0005749160191044211,True
counterpoint_symbolic_n3_wide_20_108_span18_v001-p001_over_018-schema0-schema0_no_contraction-trainrep0,controller_decision,algorithm_online,2.5250017642974854e-05,True
counterpoint_symbolic_n3_wide_20_108_span18_v001-p001_over_018-schema0-schema0_no_contraction-trainrep0,learner_act,algorithm_online,1.154094934463501e-05,True
counterpoint_symbolic_n3_wide_20_108_span18_v001-p001_over_018-schema0-schema0_no_contraction-trainrep0,environment_step,algorithm_online,2.4416949599981308e-05,True
counterpoint_symbolic_n3_wide_20_108_span18_v001-p001_over_018-schema0-schema0_no_contraction-trainrep0,lift_resolve,algorithm_online,0.00055966607760638,True
counterpoint_symbolic_n3_wide_20_108_span18_v001-p001_over_018-schema0-schema0_no_contraction-trainrep0,controller_decision,algorithm_online,2.4709035642445087e-05,True
counterpoint_symbolic_n3_wide_20_108_span18_v001-p001_over_018-schema0-schema0_no_contraction-trainrep0,learner_act,algorithm_online,7.4999406933784485e-06,True
counterpoint_symbolic_n3_wide_20_108_span18_v001-p001_over_018-schema0-schema0_no_contraction-trainrep0,environment_step,algorithm_online,2.7583912014961243e-05,True
counterpoint_symbolic_n3_wide_20_108_span18_v001-p001_over_018-schema0-schema0_no_contraction-trainrep0,lift_resolve,algorithm_online,0.000596832949668169,True
counterpoint_symbolic_n3_wide_20_108_span18_v001-p001_over_018-schema0-schema0_no_contraction-trainrep0,controller_decision,algorithm_online,1.987488940358162e-05,True
counterpoint_symbolic_n3_wide_20_108_span18_v001-p001_over_018-schema0-schema0_no_contraction-trainrep0,learner_act,algorithm_online,1.1041061952710152e-05,True
counterpoint_symbolic_n3_wide_20_108_span18_v001-p001_over_018-schema0-schema0_no_contraction-trainrep0,environment_step,algorithm_online,2.237502485513687e-05,True
counterpoint_symbolic_n3_wide_20_108_span18_v001-p001_over_018-schema0-schema0_no_contraction-trainrep0,lift_resolve,algorithm_online,0.0005410830490291119,True
counterpoint_symbolic_n3_wide_20_108_span18_v001-p001_over_018-schema0-schema0_no_contraction-trainrep0,controller_decision,algorithm_online,1.720793079584837e-05,True
counterpoint_symbolic_n3_wide_20_108_span18_v001-p001_over_018-schema0-schema0_no_contraction-trainrep0,learner_update,algorithm_online,8.999952115118504e-06,True
counterpoint_symbolic_n3_wide_20_108_span18_v001-p001_over_018-schema0-schema0_no_contraction-trainrep0,controller_decision,algorithm_online,1.6208970919251442e-05,True
counterpoint_symbolic_n3_wide_20_108_span18_v001-p001_over_018-schema0-schema0_no_contraction-trainrep0,learner_act,algorithm_online,5.917041562497616e-06,True
counterpoint_symbolic_n3_wide_20_108_span18_v001-p001_over_018-schema0-schema0_no_contraction-trainrep0,environment_step,algorithm_online,2.108304761350155e-05,True
counterpoint_symbolic_n3_wide_20_108_span18_v001-p001_over_018-schema0-schema0_no_contraction-trainrep0,lift_resolve,algorithm_online,0.0005362500669434667,True
counterpoint_symbolic_n3_wide_20_108_span18_v001-p001_over_018-schema0-schema0_no_contraction-trainrep0,controller_decision,algorithm_online,2.2124964743852615e-05,True
counterpoint_symbolic_n3_wide_20_108_span18_v001-p001_over_018-schema0-schema0_no_contraction-trainrep0,learner_act,algorithm_online,1.0624993592500687e-05,True
counterpoint_symbolic_n3_wide_20_108_span18_v001-p001_over_018-schema0-schema0_no_contraction-trainrep0,environment_step,algorithm_online,2.49580480158329e-05,True
counterpoint_symbolic_n3_wide_20_108_span18_v001-p001_over_018-schema0-schema0_no_contraction-trainrep0,lift_resolve,algorithm_online,0.0005692499689757824,True
counterpoint_symbolic_n3_wide_20_108_span18_v001-p001_over_018-schema0-schema0_no_contraction-trainrep0,controller_decision,algorithm_online,2.6582973077893257e-05,True
counterpoint_symbolic_n3_wide_20_108_span18_v001-p001_over_018-schema0-schema0_no_contraction-trainrep0,learner_act,algorithm_online,1.2292061001062393e-05,True
counterpoint_symbolic_n3_wide_20_108_span18_v001-p001_over_018-schema0-schema0_no_contraction-trainrep0,environment_step,algorithm_online,2.1459069103002548e-05,True
counterpoint_symbolic_n3_wide_20_108_span18_v001-p001_over_018-schema0-schema0_no_contraction-trainrep0,lift_resolve,algorithm_online,0.0006064580520614982,True
counterpoint_symbolic_n3_wide_20_108_span18_v001-p001_over_018-schema0-schema0_no_contraction-trainrep0,controller_decision,algorithm_online,1.6541918739676476e-05,True
counterpoint_symbolic_n3_wide_20_108_span18_v001-p001_over_018-schema0-schema0_no_contraction-trainrep0,learner_update,algorithm_online,9.457929991185665e-06,True
counterpoint_symbolic_n3_wide_20_108_span18_v001-p001_over_018-schema0-schema0_no_contraction-trainrep0,controller_decision,algorithm_online,1.5167053788900375e-05,True
counterpoint_symbolic_n3_wide_20_108_span18_v001-p001_over_018-schema0-schema0_no_contraction-trainrep0,learner_act,algorithm_online,1.0083080269396305e-05,True
counterpoint_symbolic_n3_wide_20_108_span18_v001-p001_over_018-schema0-schema0_no_contraction-trainrep0,environment_step,algorithm_online,2.9875081963837147e-05,True
counterpoint_symbolic_n3_wide_20_108_span18_v001-p001_over_018-schema0-schema0_no_contraction-trainrep0,lift_resolve,algorithm_online,0.0005480409599840641,True
counterpoint_symbolic_n3_wide_20_108_span18_v001-p001_over_018-schema0-schema0_no_contraction-trainrep0,environment_reset,algorithm_online,0.16479679103940725,True
counterpoint_symbolic_n3_wide_20_108_span18_v001-p001_over_018-schema0-schema0_no_contraction-trainrep0,controller_decision,algorithm_online,2.237502485513687e-05,True
counterpoint_symbolic_n3_wide_20_108_span18_v001-p001_over_018-schema0-schema0_no_contraction-trainrep0,learner_act,algorithm_online,1.4332938008010387e-05,True
counterpoint_symbolic_n3_wide_20_108_span18_v001-p001_over_018-schema0-schema0_no_contraction-trainrep0,environment_step,algorithm_online,3.075005952268839e-05,True
counterpoint_symbolic_n3_wide_20_108_span18_v001-p001_over_018-schema0-schema0_no_contraction-trainrep0,lift_resolve,algorithm_online,0.000569332973100245,True
counterpoint_symbolic_n3_wide_20_108_span18_v001-p001_over_018-schema0-schema0_no_contraction-trainrep0,controller_decision,algorithm_online,2.3833010345697403e-05,True
counterpoint_symbolic_n3_wide_20_108_span18_v001-p001_over_018-schema0-schema0_no_contraction-trainrep0,learner_act,algorithm_online,9.499955922365189e-06,True
counterpoint_symbolic_n3_wide_20_108_span18_v001-p001_over_018-schema0-schema0_no_contraction-trainrep0,environment_step,algorithm_online,3.2917014323174953e-05,True
counterpoint_symbolic_n3_wide_20_108_span18_v001-p001_over_018-schema0-schema0_no_contraction-trainrep0,lift_resolve,algorithm_online,0.0006412500515580177,True
counterpoint_symbolic_n3_wide_20_108_span18_v001-p001_over_018-schema0-schema0_no_contraction-trainrep0,controller_decision,algorithm_online,2.3875036276876926e-05,True
counterpoint_symbolic_n3_wide_20_108_span18_v001-p001_over_018-schema0-schema0_no_contraction-trainrep0,learner_act,algorithm_online,9.958050213754177e-06,True
counterpoint_symbolic_n3_wide_20_108_span18_v001-p001_over_018-schema0-schema0_no_contraction-trainrep0,environment_step,algorithm_online,2.5249901227653027e-05,True
counterpoint_symbolic_n3_wide_20_108_span18_v001-p001_over_018-schema0-schema0_no_contraction-trainrep0,lift_resolve,algorithm_online,0.0005477500380948186,True
counterpoint_symbolic_n3_wide_20_108_span18_v001-p001_over_018-schema0-schema0_no_contraction-trainrep0,controller_decision,algorithm_online,9.584007784724236e-06,True
counterpoint_symbolic_n3_wide_20_108_span18_v001-p001_over_018-schema0-schema0_no_contraction-trainrep0,learner_act,algorithm_online,7.4160052463412285e-06,True
counterpoint_symbolic_n3_wide_20_108_span18_v001-p001_over_018-schema0-schema0_no_contraction-trainrep0,environment_step,algorithm_online,2.458400558680296e-05,True
counterpoint_symbolic_n3_wide_20_108_span18_v001-p001_over_018-schema0-schema0_no_contraction-trainrep0,lift_resolve,algorithm_online,0.00054379110224545,True
counterpoint_symbolic_n3_wide_20_108_span18_v001-p001_over_018-schema0-schema0_no_contraction-trainrep0,controller_decision,algorithm_online,1.704192254692316e-05,True
counterpoint_symbolic_n3_wide_20_108_span18_v001-p001_over_018-schema0-schema0_no_contraction-trainrep0,learner_update,algorithm_online,8.66700429469347e-06,True
counterpoint_symbolic_n3_wide_20_108_span18_v001-p001_over_018-schema0-schema0_no_contraction-trainrep0,controller_decision,algorithm_online,1.6666017472743988e-05,True
counterpoint_symbolic_n3_wide_20_108_span18_v001-p001_over_018-schema0-schema0_no_contraction-trainrep0,learner_act,algorithm_online,1.708290074020624e-05,True
counterpoint_symbolic_n3_wide_20_108_span18_v001-p001_over_018-schema0-schema0_no_contraction-trainrep0,environment_step,algorithm_online,3.162503708153963e-05,True
counterpoint_symbolic_n3_wide_20_108_span18_v001-p001_over_018-schema0-schema0_no_contraction-trainrep0,lift_resolve,algorithm_online,0.0005758330225944519,True
counterpoint_symbolic_n3_wide_20_108_span18_v001-p001_over_018-schema0-schema0_no_contraction-trainrep0,controller_decision,algorithm_online,2.4583074264228344e-05,True
counterpoint_symbolic_n3_wide_20_108_span18_v001-p001_over_018-schema0-schema0_no_contraction-trainrep0,learner_act,algorithm_online,1.237494871020317e-05,True
counterpoint_symbolic_n3_wide_20_108_span18_v001-p001_over_018-schema0-schema0_no_contraction-trainrep0,environment_step,algorithm_online,2.9249931685626507e-05,True
counterpoint_symbolic_n3_wide_20_108_span18_v001-p001_over_018-schema0-schema0_no_contraction-trainrep0,lift_resolve,algorithm_online,0.0005919159157201648,True
counterpoint_symbolic_n3_wide_20_108_span18_v001-p001_over_018-schema0-schema0_no_contraction-trainrep0,controller_decision,algorithm_online,1.579197123646736e-05,True
counterpoint_symbolic_n3_wide_20_108_span18_v001-p001_over_018-schema0-schema0_no_contraction-trainrep0,learner_act,algorithm_online,1.00000761449337e-05,True
counterpoint_symbolic_n3_wide_20_108_span18_v001-p001_over_018-schema0-schema0_no_contraction-trainrep0,environment_step,algorithm_online,2.758402843028307e-05,True
counterpoint_symbolic_n3_wide_20_108_span18_v001-p001_over_018-schema0-schema0_no_contraction-trainrep0,lift_resolve,algorithm_online,0.0008876250358298421,True
counterpoint_symbolic_n3_wide_20_108_span18_v001-p001_over_018-schema0-schema0_no_contraction-trainrep0,controller_decision,algorithm_online,1.5125027857720852e-05,True
counterpoint_symbolic_n3_wide_20_108_span18_v001-p001_over_018-schema0-schema0_no_contraction-trainrep0,learner_update,algorithm_online,1.1083087883889675e-05,True
counterpoint_symbolic_n3_wide_20_108_span18_v001-p001_over_018-schema0-schema0_no_contraction-trainrep0,controller_decision,algorithm_online,1.2999982573091984e-05,True
counterpoint_symbolic_n3_wide_20_108_span18_v001-p001_over_018-schema0-schema0_no_contraction-trainrep0,learner_act,algorithm_online,8.541974239051342e-06,True
counterpoint_symbolic_n3_wide_20_108_span18_v001-p001_over_018-schema0-schema0_no_contraction-trainrep0,environment_step,algorithm_online,2.99159437417984e-05,True
counterpoint_symbolic_n3_wide_20_108_span18_v001-p001_over_018-schema0-schema0_no_contraction-trainrep0,lift_resolve,algorithm_online,0.0005687921075150371,True
counterpoint_symbolic_n3_wide_20_108_span18_v001-p001_over_018-schema0-schema0_no_contraction-trainrep0,environment_reset,algorithm_online,0.1638632919639349,True
counterpoint_symbolic_n3_wide_20_108_span18_v001-p001_over_018-schema0-schema0_no_contraction-trainrep0,controller_decision,algorithm_online,1.820793841034174e-05,True
counterpoint_symbolic_n3_wide_20_108_span18_v001-p001_over_018-schema0-schema0_no_contraction-trainrep0,learner_act,algorithm_online,1.4708028174936771e-05,True
counterpoint_symbolic_n3_wide_20_108_span18_v001-p001_over_018-schema0-schema0_no_contraction-trainrep0,environment_step,algorithm_online,3.0499999411404133e-05,True
counterpoint_symbolic_n3_wide_20_108_span18_v001-p001_over_018-schema0-schema0_no_contraction-trainrep0,lift_resolve,algorithm_online,0.0005818750942125916,True
counterpoint_symbolic_n3_wide_20_108_span18_v001-p001_over_018-schema0-schema0_no_contraction-trainrep0,controller_decision,algorithm_online,2.6332912966609e-05,True
counterpoint_symbolic_n3_wide_20_108_span18_v001-p001_over_018-schema0-schema0_no_contraction-trainrep0,learner_act,algorithm_online,1.425005029886961e-05,True
counterpoint_symbolic_n3_wide_20_108_span18_v001-p001_over_018-schema0-schema0_no_contraction-trainrep0,environment_step,algorithm_online,2.5582965463399887e-05,True
counterpoint_symbolic_n3_wide_20_108_span18_v001-p001_over_018-schema0-schema0_no_contraction-trainrep0,lift_resolve,algorithm_online,0.0005844170227646828,True
counterpoint_symbolic_n3_wide_20_108_span18_v001-p001_over_018-schema0-schema0_no_contraction-trainrep0,controller_decision,algorithm_online,2.5540939532220364e-05,True
counterpoint_symbolic_n3_wide_20_108_span18_v001-p001_over_018-schema0-schema0_no_contraction-trainrep0,learner_act,algorithm_online,8.29098280519247e-06,True
counterpoint_symbolic_n3_wide_20_108_span18_v001-p001_over_018-schema0-schema0_no_contraction-trainrep0,environment_step,algorithm_online,2.2417050786316395e-05,True
counterpoint_symbolic_n3_wide_20_108_span18_v001-p001_over_018-schema0-schema0_no_contraction-trainrep0,lift_resolve,algorithm_online,0.000533584039658308,True
counterpoint_symbolic_n3_wide_20_108_span18_v001-p001_over_018-schema0-schema0_no_contraction-trainrep0,controller_decision,algorithm_online,1.4707911759614944e-05,True
counterpoint_symbolic_n3_wide_20_108_span18_v001-p001_over_018-schema0-schema0_no_contraction-trainrep0,learner_act,algorithm_online,7.291906513273716e-06,True
counterpoint_symbolic_n3_wide_20_108_span18_v001-p001_over_018-schema0-schema0_no_contraction-trainrep0,environment_step,algorithm_online,2.1708081476390362e-05,True
counterpoint_symbolic_n3_wide_20_108_span18_v001-p001_over_018-schema0-schema0_no_contraction-trainrep0,lift_resolve,algorithm_online,0.0005327080143615603,True
counterpoint_symbolic_n3_wide_20_108_span18_v001-p001_over_018-schema0-schema0_no_contraction-trainrep0,controller_decision,algorithm_online,2.2249994799494743e-05,True
counterpoint_symbolic_n3_wide_20_108_span18_v001-p001_over_018-schema0-schema0_no_contraction-trainrep0,learner_update,algorithm_online,8.541974239051342e-06,True
counterpoint_symbolic_n3_wide_20_108_span18_v001-p001_over_018-schema0-schema0_no_contraction-trainrep0,controller_decision,algorithm_online,2.2458028979599476e-05,True
counterpoint_symbolic_n3_wide_20_108_span18_v001-p001_over_018-schema0-schema0_no_contraction-trainrep0,learner_act,algorithm_online,6.9160014390945435e-06,True
counterpoint_symbolic_n3_wide_20_108_span18_v001-p001_over_018-schema0-schema0_no_contraction-trainrep0,environment_step,algorithm_online,2.116698306053877e-05,True
counterpoint_symbolic_n3_wide_20_108_span18_v001-p001_over_018-schema0-schema0_no_contraction-trainrep0,lift_resolve,algorithm_online,0.0005525830201804638,True
counterpoint_symbolic_n3_wide_20_108_span18_v001-p001_over_018-schema0-schema0_no_contraction-trainrep0,controller_decision,algorithm_online,1.8457998521625996e-05,True
counterpoint_symbolic_n3_wide_20_108_span18_v001-p001_over_018-schema0-schema0_no_contraction-trainrep0,learner_act,algorithm_online,6.666057743132114e-06,True
counterpoint_symbolic_n3_wide_20_108_span18_v001-p001_over_018-schema0-schema0_no_contraction-trainrep0,environment_step,algorithm_online,2.0791892893612385e-05,True
counterpoint_symbolic_n3_wide_20_108_span18_v001-p001_over_018-schema0-schema0_no_contraction-trainrep0,lift_resolve,algorithm_online,0.0005332090659067035,True
counterpoint_symbolic_n3_wide_20_108_span18_v001-p001_over_018-schema0-schema0_no_contraction-trainrep0,controller_decision,algorithm_online,0.00010720896534621716,True
counterpoint_symbolic_n3_wide_20_108_span18_v001-p001_over_018-schema0-schema0_no_contraction-trainrep0,learner_act,algorithm_online,1.6125035472214222e-05,True
counterpoint_symbolic_n3_wide_20_108_span18_v001-p001_over_018-schema0-schema0_no_contraction-trainrep0,environment_step,algorithm_online,2.983398735523224e-05,True
counterpoint_symbolic_n3_wide_20_108_span18_v001-p001_over_018-schema0-schema0_no_contraction-trainrep0,lift_resolve,algorithm_online,0.0006119579775258899,True
counterpoint_symbolic_n3_wide_20_108_span18_v001-p001_over_018-schema0-schema0_no_contraction-trainrep0,controller_decision,algorithm_online,2.1999934688210487e-05,True
counterpoint_symbolic_n3_wide_20_108_span18_v001-p001_over_018-schema0-schema0_no_contraction-trainrep0,learner_update,algorithm_online,8.5409265011549e-06,True
counterpoint_symbolic_n3_wide_20_108_span18_v001-p001_over_018-schema0-schema0_no_contraction-trainrep0,controller_decision,algorithm_online,2.062495332211256e-05,True
counterpoint_symbolic_n3_wide_20_108_span18_v001-p001_over_018-schema0-schema0_no_contraction-trainrep0,learner_act,algorithm_online,6.332993507385254e-06,True
counterpoint_symbolic_n3_wide_20_108_span18_v001-p001_over_018-schema0-schema0_no_contraction-trainrep0,environment_step,algorithm_online,2.475001383572817e-05,True
counterpoint_symbolic_n3_wide_20_108_span18_v001-p001_over_018-schema0-schema0_no_contraction-trainrep0,lift_resolve,algorithm_online,0.0005596670089289546,True
counterpoint_symbolic_n3_wide_20_108_span18_v001-p001_over_018-schema0-schema0_no_contraction-trainrep0,environment_reset,algorithm_online,0.1650106250308454,True
counterpoint_symbolic_n3_wide_20_108_span18_v001-p001_over_018-schema0-schema0_no_contraction-trainrep0,controller_decision,algorithm_online,2.216699067503214e-05,True
counterpoint_symbolic_n3_wide_20_108_span18_v001-p001_over_018-schema0-schema0_no_contraction-trainrep0,learner_act,algorithm_online,1.383305061608553e-05,True
counterpoint_symbolic_n3_wide_20_108_span18_v001-p001_over_018-schema0-schema0_no_contraction-trainrep0,environment_step,algorithm_online,2.775003667920828e-05,True
counterpoint_symbolic_n3_wide_20_108_span18_v001-p001_over_018-schema0-schema0_no_contraction-trainrep0,lift_resolve,algorithm_online,0.0005512499483302236,True
counterpoint_symbolic_n3_wide_20_108_span18_v001-p001_over_018-schema0-schema0_no_contraction-trainrep0,controller_decision,algorithm_online,2.2833002731204033e-05,True
counterpoint_symbolic_n3_wide_20_108_span18_v001-p001_over_018-schema0-schema0_no_contraction-trainrep0,learner_act,algorithm_online,8.916947990655899e-06,True
counterpoint_symbolic_n3_wide_20_108_span18_v001-p001_over_018-schema0-schema0_no_contraction-trainrep0,environment_step,algorithm_online,2.220796886831522e-05,True
counterpoint_symbolic_n3_wide_20_108_span18_v001-p001_over_018-schema0-schema0_no_contraction-trainrep0,lift_resolve,algorithm_online,0.0005405420670285821,True
counterpoint_symbolic_n3_wide_20_108_span18_v001-p001_over_018-schema0-schema0_no_contraction-trainrep0,controller_decision,algorithm_online,1.8874998204410076e-05,True
counterpoint_symbolic_n3_wide_20_108_span18_v001-p001_over_018-schema0-schema0_no_contraction-trainrep0,learner_act,algorithm_online,7.6669966802001e-06,True
counterpoint_symbolic_n3_wide_20_108_span18_v001-p001_over_018-schema0-schema0_no_contraction-trainrep0,environment_step,algorithm_online,2.050003968179226e-05,True
counterpoint_symbolic_n3_wide_20_108_span18_v001-p001_over_018-schema0-schema0_no_contraction-trainrep0,lift_resolve,algorithm_online,0.0005329169798642397,True
counterpoint_symbolic_n3_wide_20_108_span18_v001-p001_over_018-schema0-schema0_no_contraction-trainrep0,controller_decision,algorithm_online,1.6916892491281033e-05,True
counterpoint_symbolic_n3_wide_20_108_span18_v001-p001_over_018-schema0-schema0_no_contraction-trainrep0,learner_act,algorithm_online,7.08398874849081e-06,True
counterpoint_symbolic_n3_wide_20_108_span18_v001-p001_over_018-schema0-schema0_no_contraction-trainrep0,environment_step,algorithm_online,2.0707957446575165e-05,True
counterpoint_symbolic_n3_wide_20_108_span18_v001-p001_over_018-schema0-schema0_no_contraction-trainrep0,lift_resolve,algorithm_online,0.0005366249242797494,True
counterpoint_symbolic_n3_wide_20_108_span18_v001-p001_over_018-schema0-schema0_no_contraction-trainrep0,controller_decision,algorithm_online,2.3165950551629066e-05,True
counterpoint_symbolic_n3_wide_20_108_span18_v001-p001_over_018-schema0-schema0_no_contraction-trainrep0,learner_update,algorithm_online,1.3208948075771332e-05,True
counterpoint_symbolic_n3_wide_20_108_span18_v001-p001_over_018-schema0-schema0_no_contraction-trainrep0,controller_decision,algorithm_online,1.9832979887723923e-05,True
counterpoint_symbolic_n3_wide_20_108_span18_v001-p001_over_018-schema0-schema0_no_contraction-trainrep0,learner_act,algorithm_online,1.108401920646429e-05,True
counterpoint_symbolic_n3_wide_20_108_span18_v001-p001_over_018-schema0-schema0_no_contraction-trainrep0,environment_step,algorithm_online,3.066600766032934e-05,True
counterpoint_symbolic_n3_wide_20_108_span18_v001-p001_over_018-schema0-schema0_no_contraction-trainrep0,lift_resolve,algorithm_online,0.0005682089831680059,True
counterpoint_symbolic_n3_wide_20_108_span18_v001-p001_over_018-schema0-schema0_no_contraction-trainrep0,controller_decision,algorithm_online,2.3916014470160007e-05,True
counterpoint_symbolic_n3_wide_20_108_span18_v001-p001_over_018-schema0-schema0_no_contraction-trainrep0,learner_act,algorithm_online,1.425005029886961e-05,True
counterpoint_symbolic_n3_wide_20_108_span18_v001-p001_over_018-schema0-schema0_no_contraction-trainrep0,environment_step,algorithm_online,0.00010962504893541336,True
counterpoint_symbolic_n3_wide_20_108_span18_v001-p001_over_018-schema0-schema0_no_contraction-trainrep0,lift_resolve,algorithm_online,0.0007798749720677733,True
counterpoint_symbolic_n3_wide_20_108_span18_v001-p001_over_018-schema0-schema0_no_contraction-trainrep0,controller_decision,algorithm_online,2.1083978936076164e-05,True
counterpoint_symbolic_n3_wide_20_108_span18_v001-p001_over_018-schema0-schema0_no_contraction-trainrep0,learner_act,algorithm_online,1.4875084161758423e-05,True
counterpoint_symbolic_n3_wide_20_108_span18_v001-p001_over_018-schema0-schema0_no_contraction-trainrep0,environment_step,algorithm_online,2.854189369827509e-05,True
counterpoint_symbolic_n3_wide_20_108_span18_v001-p001_over_018-schema0-schema0_no_contraction-trainrep0,lift_resolve,algorithm_online,0.0005669998936355114,True
counterpoint_symbolic_n3_wide_20_108_span18_v001-p001_over_018-schema0-schema0_no_contraction-trainrep0,controller_decision,algorithm_online,1.8542050383985043e-05,True
counterpoint_symbolic_n3_wide_20_108_span18_v001-p001_over_018-schema0-schema0_no_contraction-trainrep0,learner_update,algorithm_online,9.750016033649445e-06,True
counterpoint_symbolic_n3_wide_20_108_span18_v001-p001_over_018-schema0-schema0_no_contraction-trainrep0,controller_decision,algorithm_online,1.858395989984274e-05,True
counterpoint_symbolic_n3_wide_20_108_span18_v001-p001_over_018-schema0-schema0_no_contraction-trainrep0,learner_act,algorithm_online,1.2750038877129555e-05,True
counterpoint_symbolic_n3_wide_20_108_span18_v001-p001_over_018-schema0-schema0_no_contraction-trainrep0,environment_step,algorithm_online,2.675002906471491e-05,True
counterpoint_symbolic_n3_wide_20_108_span18_v001-p001_over_018-schema0-schema0_no_contraction-trainrep0,lift_resolve,algorithm_online,0.0005647500511258841,True
counterpoint_symbolic_n3_wide_20_108_span18_v001-p001_over_018-schema0-schema0_no_contraction-trainrep0,encoding_registry_build,linearization_setup,0.05167716694995761,True
counterpoint_symbolic_n3_wide_20_108_span18_v001-p001_over_018-schema0-schema0_no_contraction-trainrep0,linearization_report_build,linearization_setup,0.7795692919753492,True
